territorio,fecha,IPV_central,IPV_alcista,IPV_pesimista,IPV_inf,IPV_sup
Adeje,2026-01-01,3.573404488264329,3.6054157127944686,3.5413932637341885,3.2516373624113233,3.8986206338676057
Adeje,2026-02-01,3.4748830037153695,3.5389054527756496,3.4108605546550894,3.042912900053926,3.905100315699005
Adeje,2026-03-01,3.6370654028633584,3.7330990764537786,3.5410317292729383,3.062104709859266,4.19429951520518
Adeje,2026-04-01,3.7531049801439536,3.881149878264514,3.6250600820233934,3.089379828493174,4.42617981745893
Adeje,2026-05-01,3.4384558593507735,3.5985119820014737,3.278399736700073,2.7636846640011483,4.138378598902651
Adeje,2026-06-01,3.4562232740432837,3.648290621224124,3.2641559268624425,2.682636205162568,4.216690970420679
Adeje,2026-07-01,3.8261129968775425,4.050191568588524,3.6020344251665612,2.890909616232446,4.756245063816038
Adeje,2026-08-01,4.038183916650737,4.294273712891858,3.7820941204096155,3.04484802855515,5.059500629655475
Adeje,2026-09-01,3.716196191785655,4.004297212556917,3.428095171014394,2.745719410258712,4.68953277989743
Adeje,2026-10-01,3.9897978221737542,4.309910067475156,3.669685576872353,2.8547809105090516,5.13327193863237
Adeje,2026-11-01,3.82544041374425,4.177563883575791,3.473316943912709,2.6977165077663363,4.974167557726989
Adeje,2026-12-01,3.936023389765791,4.320158084127472,3.5518886954041093,2.719728529749527,5.177113347162559
Agaete,2026-01-01,-0.27689243503755395,-0.27440967486333057,-0.2793751952117773,-0.3366540705908013,-0.21691899212869892
Agaete,2026-02-01,-0.3153769837367642,-0.3104114633883175,-0.32034250408521087,-0.3959915863558773,-0.2368744289455281
Agaete,2026-03-01,-0.2971030589746401,-0.2896547784519701,-0.3045513394973101,-0.39652035692066545,-0.20004501401625227
Agaete,2026-04-01,-0.3189063644688186,-0.3089753237719251,-0.32883740516571197,-0.42102385562239336,-0.21520304156430387
Agaete,2026-05-01,-0.3413391859340424,-0.32892538506292573,-0.3537529868051592,-0.45273209863971325,-0.23510582166748237
Agaete,2026-06-01,-0.37681500807298995,-0.3619184470276499,-0.3917115691183301,-0.4882463331421775,-0.2672629355592991
Agaete,2026-07-01,-0.3609801946160726,-0.343600873396509,-0.37835951583563604,-0.49365898691442694,-0.2231042623525735
Agaete,2026-08-01,-0.3821002632975327,-0.36223818190374596,-0.40196234469131953,-0.5150679722182738,-0.24724262585170623
Agaete,2026-09-01,-0.295916140409991,-0.2735712988419807,-0.3182609819780011,-0.46334561576635486,-0.13609139747110868
Agaete,2026-10-01,-0.29848445523652634,-0.27365685349429286,-0.3233120569787598,-0.4756984257267276,-0.11950199581524577
Agaete,2026-11-01,-0.22825858325192266,-0.20094822133546578,-0.2555689451683795,-0.4450756868570805,-0.015516511357083264
Agaete,2026-12-01,-0.2573226564826622,-0.22752953439198195,-0.2871157785733425,-0.4690023788126537,-0.0452448304097352
Agulo,2026-01-01,-0.7386814255224026,-0.7368356518550389,-0.7405271991897663,-0.7637509558891006,-0.7121358466325756
Agulo,2026-02-01,-0.7579500612312439,-0.7542585138965163,-0.761641608565971,-0.790095521891774,-0.723292636639667
Agulo,2026-03-01,-0.743332215297496,-0.737794894295405,-0.7488695362995871,-0.7878524163786366,-0.7002943482234292
Agulo,2026-04-01,-0.7668012465719616,-0.7594181519025068,-0.7741843412414162,-0.8097279327901413,-0.7236525180221206
Agulo,2026-05-01,-0.7863538344095796,-0.7771249660727612,-0.795582702746398,-0.8282219991516043,-0.7442362877779433
Agulo,2026-06-01,-0.7974629654147356,-0.7863883234105535,-0.8085376074189176,-0.8397672546463733,-0.7547236281775257
Agulo,2026-07-01,-0.774231903374012,-0.7613114877024661,-0.7871523190455577,-0.8289875176374475,-0.717732256567533
Agulo,2026-08-01,-0.7646530725396733,-0.7498868832007638,-0.7794192618785827,-0.831200240445328,-0.6993126103463149
Agulo,2026-09-01,-0.7782039971027435,-0.7615920340964704,-0.7948159601090165,-0.8369989770300139,-0.7167761641197097
Agulo,2026-10-01,-0.8150989452333741,-0.7966412085597374,-0.8335566819070108,-0.8621296563258131,-0.7685936974255604
Agulo,2026-11-01,-0.7635301262599923,-0.7432266159189919,-0.7838336366009927,-0.8438301875817953,-0.6844868676167983
Agulo,2026-12-01,-0.7672078815090162,-0.7450585975006522,-0.7893571655173803,-0.8449649316642146,-0.6876008603461589
Agüimes,2026-01-01,-0.4745443959868541,-0.4735245976191093,-0.47556419435459896,-0.4898300803411873,-0.45930555033082615
Agüimes,2026-02-01,-0.4848661776690149,-0.4828265809335254,-0.4869057744045047,-0.5053133736181639,-0.46432265594172895
Agüimes,2026-03-01,-0.47183263611364357,-0.468773241010409,-0.474892031216878,-0.49838406086687975,-0.4458187959627788
Agüimes,2026-04-01,-0.47736418700616595,-0.47328499353518655,-0.48144338047714513,-0.5069867840697798,-0.44792736916863624
Agüimes,2026-05-01,-0.49048669513765336,-0.4853877032989291,-0.49558568697637745,-0.5217746097327599,-0.4597404882403315
Agüimes,2026-06-01,-0.5082042512645295,-0.5020854610580607,-0.5143230414709986,-0.5397813307226476,-0.4770512065641557
Agüimes,2026-07-01,-0.5069771565172835,-0.4998385679430695,-0.5141157450914973,-0.5408607173141459,-0.4721217489377015
Agüimes,2026-08-01,-0.5024199832521662,-0.4942615963102075,-0.5105783701941248,-0.539324832778992,-0.46557655003369103
Agüimes,2026-09-01,-0.4811170097856524,-0.47193882447594887,-0.4902951950953559,-0.5236159366652628,-0.4388128077208488
Agüimes,2026-10-01,-0.4822245593658676,-0.4720265756884193,-0.49242254304331584,-0.5272675912303936,-0.4363516031646547
Agüimes,2026-11-01,-0.4616801208362488,-0.4504623387910556,-0.472897902881442,-0.514499054844725,-0.40879075175559354
Agüimes,2026-12-01,-0.46722206022288554,-0.45498447980994744,-0.4794596406358236,-0.5207281450780059,-0.4113931975030122
Alajeró,2026-01-01,-0.5272477821432487,-0.5229929099113598,-0.5315026543751378,-0.5876152456111421,-0.4648956073183721
Alajeró,2026-02-01,-0.5637137752669324,-0.5552040308031544,-0.5722235197307105,-0.6423232440417583,-0.4858066541916322
Alajeró,2026-03-01,-0.538373957837446,-0.5256093411417789,-0.5511385745331131,-0.6403850183797879,-0.4365883407147751
Alajeró,2026-04-01,-0.5958154893341924,-0.5787960004066363,-0.6128349782617485,-0.6944091346046123,-0.49746982800707074
Alajeró,2026-05-01,-0.6439634536649337,-0.6226890925054887,-0.6652378148243788,-0.7365300843564158,-0.5474816058113642
Alajeró,2026-06-01,-0.6370460845203857,-0.6115168511290515,-0.6625753179117198,-0.7448762996816503,-0.5277139648808983
Alajeró,2026-07-01,-0.5669846796596784,-0.5372005740364552,-0.5967687852829016,-0.7101912116374807,-0.42134373530043395
Alajeró,2026-08-01,-0.510157832575827,-0.47611885472071463,-0.5441968104309391,-0.693942085134135,-0.326640339864476
Alajeró,2026-09-01,-0.6096846615609782,-0.5713908114739771,-0.6479785116479795,-0.7549056679535935,-0.46597908397605564
Alajeró,2026-10-01,-0.571442256264612,-0.5288935339457218,-0.6139909785835023,-0.7477240015652953,-0.39919769730447785
Alajeró,2026-11-01,-0.5389288300439066,-0.4921252354931273,-0.5857324245946859,-0.7296521089122772,-0.3457175758785811
Alajeró,2026-12-01,-0.5323717060534813,-0.4813132392708129,-0.5834301728361495,-0.7346694854542852,-0.3314455845992705
Antigua,2026-01-01,0.7360759037186857,0.747390397498765,0.7247614099386067,0.5119255908004895,0.9571224180055794
Antigua,2026-02-01,0.7031515793999037,0.725780566960062,0.6805225918397453,0.3875237684491813,1.0068428886404472
Antigua,2026-03-01,0.7977691996163057,0.8317126809565432,0.763825718276068,0.39396698386918605,1.199569118814777
Antigua,2026-04-01,0.7416280088518364,0.7868859839721534,0.6963700337315197,0.3007790367487798,1.1880354262728117
Antigua,2026-05-01,0.6360240675498656,0.6925965364502616,0.5794515986494696,0.1809390218139103,1.0972355145703447
Antigua,2026-06-01,0.8139852662373741,0.881872228917849,0.7460983035568989,0.2458936422464642,1.3641369181030163
Antigua,2026-07-01,1.0219617699633554,1.10116322642391,0.9427603135028009,0.33405572802088096,1.7236660475876604
Antigua,2026-08-01,1.099919945098617,1.1904358953392509,1.0094039948579836,0.33325293766527525,1.8825663449228565
Antigua,2026-09-01,0.9724178773111275,1.0742483213318403,0.8705874332904144,0.21148122309033526,1.716052142916382
Antigua,2026-10-01,1.0701353902931598,1.1832803280939521,0.9569904524923681,0.1949653224698526,1.977049598517804
Antigua,2026-11-01,0.9332850099445538,1.057744441525425,0.8088255783636826,0.08682252930358905,1.7528865932914601
Antigua,2026-12-01,0.9258492299294803,1.061623155290431,0.7900753045685297,0.053257573141919076,1.7862015725195397
Arafo,2026-01-01,-0.1913232574938862,-0.18222689363118508,-0.20041962135658725,-0.2888610612262822,-0.09547302240619382
Arafo,2026-02-01,-0.11335091461209423,-0.09515818688669203,-0.13154364233749638,-0.2705185380825681,0.04292522966213081
Arafo,2026-03-01,-0.08529616140988827,-0.05800706982178492,-0.1125852529979916,-0.28135946402749856,0.11037730918969409
Arafo,2026-04-01,-0.15782639865998613,-0.12144094320918178,-0.1942118541107906,-0.36711905119750526,0.04464521003366355
Arafo,2026-05-01,-0.16658914466866662,-0.12110732535516108,-0.2120709639821721,-0.39911577687331395,0.06497676397900137
Arafo,2026-06-01,-0.25247084897064226,-0.1978926657944357,-0.30704903214684887,-0.47115154572800494,-0.031088015185987052
Arafo,2026-07-01,-0.19115651450281734,-0.12748196746390958,-0.25483106154172497,-0.43853154043756515,0.06581039417731359
Arafo,2026-08-01,-0.004100915949612766,0.06866999495199602,-0.07687182685122151,-0.3589854153922955,0.3494251384760865
Arafo,2026-09-01,-0.10340591803565255,-0.021538643271342618,-0.1852731927999624,-0.41818006230392596,0.23161020487504652
Arafo,2026-10-01,-0.12535155835733613,-0.03438791973032521,-0.2163151969843472,-0.45884363810123857,0.21188684640216351
Arafo,2026-11-01,-0.21219104863017535,-0.11213104614046324,-0.3122510511198875,-0.5280174740068576,0.08662770837561874
Arafo,2026-12-01,-0.26629653160941413,-0.15714016525700086,-0.3754528979618274,-0.5777614148940542,0.03204326324941779
Arico,2026-01-01,-0.2833656754459937,-0.2775148370700908,-0.2892165138218968,-0.3592458353769827,-0.2085015060633863
Arico,2026-02-01,-0.24957039375592388,-0.23786871700411782,-0.26127207050772977,-0.3691892970997687,-0.13788198536402682
Arico,2026-03-01,-0.22792501690657183,-0.2103725017788629,-0.24547753203428072,-0.3712074140159655,-0.08649918118016606
Arico,2026-04-01,-0.27706327941747266,-0.2536599259138607,-0.30046663292108466,-0.43030480762582074,-0.12763058376366354
Arico,2026-05-01,-0.298743030528496,-0.26948883864898104,-0.32799722240801094,-0.4641351400975531,-0.13498144224240405
Arico,2026-06-01,-0.3541143943086018,-0.31900936405318386,-0.38921942456401976,-0.5143004089811237,-0.19433965983875776
Arico,2026-07-01,-0.31180670217270473,-0.2708508335413838,-0.35276257080402557,-0.5049828212036428,-0.12695972043568154
Arico,2026-08-01,-0.2046016055362466,-0.1577948985290227,-0.25140831254347046,-0.4657419617099265,0.046838624931851466
Arico,2026-09-01,-0.2636612954265541,-0.21100375004342725,-0.31631884080968103,-0.4943259464054504,-0.029515024403819444
Arico,2026-10-01,-0.26583930578516063,-0.2073309220261307,-0.32434768954419047,-0.51575466328745,-0.006998494625707592
Arico,2026-11-01,-0.3000884451893721,-0.23572922305443927,-0.36444766732430506,-0.5416149177716544,-0.053211896777085856
Arico,2026-12-01,-0.32339550216624974,-0.2531854416554139,-0.39360556267708563,-0.5643691493876217,-0.07971932298300133
Arona,2026-01-01,3.1750290838693513,3.1979146104410776,3.152143557297625,2.9562039940137863,3.388078743946275
Arona,2026-02-01,3.013008748614597,3.05877980175805,2.967237695471145,2.714750646644406,3.313752337334318
Arona,2026-03-01,3.2289521282809166,3.2976087079960954,3.1602955485657382,2.8537648374635856,3.6168178449807966
Arona,2026-04-01,3.2630514240299773,3.354593530316882,3.1715093177430727,2.819469272057856,3.7205633142764625
Arona,2026-05-01,3.1374435327864827,3.251871165645113,3.023015899927852,2.6399203032404444,3.614239869923828
Arona,2026-06-01,3.1726848976523283,3.3099980570826855,3.035371738221971,2.6475947290359323,3.7036391961197332
Arona,2026-07-01,3.4644507608559825,3.624649446858065,3.3042520748538995,2.811124459371764,4.092640724941739
Arona,2026-08-01,3.5149168255421936,3.6980010381160033,3.331832612968384,2.852741474970417,4.195217045426118
Arona,2026-09-01,3.430413350401322,3.636383089546858,3.2244436112557873,2.74622095620827,4.1298258283820966
Arona,2026-10-01,3.5453578306348197,3.774213096352082,3.316502564917558,2.7622298428020624,4.306146461495226
Arona,2026-11-01,3.4677950471375003,3.7195358394264875,3.2160542548485123,2.704626562650311,4.2548114696110195
Arona,2026-12-01,3.4836176531191905,3.758243971979904,3.2089913342584753,2.6703449516981306,4.285490737370956
Arrecife,2026-01-01,0.44366893418162817,0.44758617719460364,0.43975169116865276,0.383612734267317,0.5017890541758561
Arrecife,2026-02-01,0.4224267156309142,0.4302612016568654,0.4145922296049633,0.33754369605659884,0.5027441839531739
Arrecife,2026-03-01,0.46414579565379555,0.475897524692722,0.45239406661486886,0.3617977822704196,0.5730445971659327
Arrecife,2026-04-01,0.45074922568270337,0.4664181977346054,0.43508025363080133,0.3311341013534169,0.5697159184101371
Arrecife,2026-05-01,0.4293675594899036,0.44895377455478125,0.40978134442502595,0.2961839543446776,0.5589103656286435
Arrecife,2026-06-01,0.41218296453906583,0.4356864226169191,0.38867950646121263,0.27069816772751837,0.5537335567011045
Arrecife,2026-07-01,0.45659330222079153,0.48401400331162026,0.4291726011299627,0.29835279413445304,0.6109822377010848
Arrecife,2026-08-01,0.4751917860795505,0.5065297301833546,0.44385384197574645,0.29991512921937297,0.6473235229605853
Arrecife,2026-09-01,0.44696574827969127,0.48222093539647104,0.4117105611629114,0.2701803022270661,0.627678781320494
Arrecife,2026-10-01,0.440271302302084,0.4794437324318393,0.40109887217232865,0.2553211686293927,0.6244271806364644
Arrecife,2026-11-01,0.4349784957795014,0.47806816892223236,0.3918888226367706,0.23913408557808036,0.6279791210767253
Arrecife,2026-12-01,0.4559442998741497,0.502951216029856,0.40893738371844346,0.24922096560074686,0.6658927772707206
Artenara,2026-01-01,0.6203971577755412,0.6292541002873848,0.6115402152636976,0.3630191567763328,0.8799086005053877
Artenara,2026-02-01,0.48316779097425494,0.5008816759979419,0.46545390595056774,0.14190967241735722,0.8116004586446671
Artenara,2026-03-01,0.5769758089448914,0.6035466364804225,0.5504049814093609,0.1398868236453201,1.0115783737247734
Artenara,2026-04-01,0.3476646597618968,0.3830924298092712,0.3122368897145224,-0.07725817167012984,0.7697701652288348
Artenara,2026-05-01,0.2655998111248051,0.30988452368402314,0.22131509856558712,-0.18185733853852612,0.7090910490555105
Artenara,2026-06-01,0.2328030147943319,0.2859446698653935,0.17966135972327027,-0.24787838560806977,0.7199086153252845
Artenara,2026-07-01,0.2889983759486067,0.3509969735315116,0.22699977836570148,-0.23033925765619884,0.8288401282532146
Artenara,2026-08-01,0.19642989367572408,0.2672854337704729,0.12557435358097532,-0.3382153062012189,0.7208099300093742
Artenara,2026-09-01,0.42566613984641366,0.5053786224530061,0.34595365723982135,-0.23221931592688508,1.09645683304126
Artenara,2026-10-01,0.49139936788297617,0.5799687930014118,0.40282994276454015,-0.24574867999363142,1.2238393698761885
Artenara,2026-11-01,0.7529491504980363,0.850375518128316,0.655522782867757,-0.16349323913749989,1.661480553143013
Artenara,2026-12-01,0.5752575028334811,0.6815408129756041,0.46897419269135815,-0.2637774833410038,1.4239099847740586
Arucas,2026-01-01,-0.32748486146771955,-0.32574233753371,-0.3292273854017292,-0.3486484176060973,-0.3059623275377151
Arucas,2026-02-01,-0.3398415774345667,-0.33635652956654766,-0.34332662530258584,-0.3694713839476967,-0.30991462594530544
Arucas,2026-03-01,-0.3468349274522309,-0.3416073556502023,-0.35206249925425953,-0.38205939818883516,-0.31150818323487456
Arucas,2026-04-01,-0.3302323311639942,-0.323262235427956,-0.3372024269000324,-0.3741944239402056,-0.2861073352109627
Arucas,2026-05-01,-0.35848288452869437,-0.3497702648586466,-0.3671955041987422,-0.40191922377294326,-0.31539348434560094
Arucas,2026-06-01,-0.40379325638313096,-0.39333811277907366,-0.41424839998718826,-0.44424519210147173,-0.363342753770746
Arucas,2026-07-01,-0.38913802411762644,-0.37694035657955965,-0.4013356916556934,-0.43507458216932726,-0.3433479347769291
Arucas,2026-08-01,-0.3635310151665892,-0.34959082369451294,-0.3774712066386657,-0.41836098873679806,-0.3084287018116182
Arucas,2026-09-01,-0.3363295171331137,-0.3206468017270278,-0.3520122325391997,-0.40042871006197667,-0.27267022213980036
Arucas,2026-10-01,-0.35968262805443213,-0.3422573887143367,-0.37710786739452756,-0.42145708585448827,-0.2970427231308562
Arucas,2026-11-01,-0.33606237343520357,-0.31689461016109843,-0.35523013670930853,-0.4074589802830013,-0.2665925320806397
Arucas,2026-12-01,-0.3443391437975903,-0.32342885658947573,-0.3652494310057049,-0.41618861867558216,-0.2728107504476496
Barlovento,2026-01-01,-0.8559929317512472,-0.8549543948849059,-0.8570314686175887,-0.8672530991141333,-0.8442854569985437
Barlovento,2026-02-01,-0.8546481214160276,-0.8525710476833446,-0.8567251951487105,-0.8716895124106139,-0.8383449133394401
Barlovento,2026-03-01,-0.847622583642355,-0.8445069730433306,-0.8507381942413793,-0.8693771231625895,-0.8254259787079459
Barlovento,2026-04-01,-0.8799013491823074,-0.8757472017169415,-0.8840554966476732,-0.8950297112269572,-0.8644488951971349
Barlovento,2026-05-01,-0.8875832519013712,-0.882390567569664,-0.8927759362330787,-0.9030699996237924,-0.8721574921003884
Barlovento,2026-06-01,-0.9027771715431848,-0.8965459503451361,-0.9090083927412337,-0.9139120418689143,-0.8918939970829094
Barlovento,2026-07-01,-0.8654956181642587,-0.8582258600998685,-0.8727653762286489,-0.8924492132484148,-0.8393911679743964
Barlovento,2026-08-01,-0.8458943618767112,-0.8375860669459795,-0.8542026568074429,-0.8827391688265268,-0.8081585261842652
Barlovento,2026-09-01,-0.876680455362086,-0.8673336235650126,-0.8860272871591591,-0.9019550861909345,-0.8511927929441544
Barlovento,2026-10-01,-0.8832333842071479,-0.8728480155437333,-0.8936187528705624,-0.9088397414108843,-0.8559800461979844
Barlovento,2026-11-01,-0.8555183993121304,-0.8440944937823741,-0.8669423048418863,-0.898139588632089,-0.8136338961450432
Barlovento,2026-12-01,-0.875138899474735,-0.8626764570786375,-0.8876013418708326,-0.9077277448741959,-0.8420745750129943
Betancuria,2026-01-01,-0.9133930305001726,-0.9130359493121768,-0.9137501116881682,-0.9199038621670882,-0.9068991695733889
Betancuria,2026-02-01,-0.9162379040024077,-0.9155237416264163,-0.916952066378399,-0.9243521975622531,-0.9077192708313386
Betancuria,2026-03-01,-0.9194334128676801,-0.9183621693036931,-0.9205046564316669,-0.9295273926941233,-0.9096183017615352
Betancuria,2026-04-01,-0.921773267461974,-0.9203449427099915,-0.9232015922139566,-0.9320708393765923,-0.9111412545924962
Betancuria,2026-05-01,-0.9267479866102192,-0.924962580670241,-0.9285333925501974,-0.9366587023177434,-0.9167781612405196
Betancuria,2026-06-01,-0.9290568689947162,-0.9269143818667425,-0.9311993561226902,-0.9393772181644968,-0.9183135822893682
Betancuria,2026-07-01,-0.917588588813432,-0.9150890204974625,-0.9200881571294015,-0.9332040634661976,-0.9014937427618027
Betancuria,2026-08-01,-0.904584078879802,-0.9017274293758368,-0.9074407283837672,-0.9278685982839668,-0.8827739696416156
Betancuria,2026-09-01,-0.9101046441270427,-0.9068909134350817,-0.9133183748190035,-0.9314139322922783,-0.8891925980319424
Betancuria,2026-10-01,-0.9003986283708406,-0.8968278164908841,-0.9039694402507971,-0.9278276158445999,-0.8734957261731402
Betancuria,2026-11-01,-0.9090183156781831,-0.905090422610231,-0.9129462087461352,-0.9334047691180863,-0.8846106564801435
Betancuria,2026-12-01,-0.9060452009699497,-0.9017602267140017,-0.9103301752258973,-0.9331404699754298,-0.8792182691466569
Breña Alta,2026-01-01,-0.7698670614326537,-0.7687284698932236,-0.7710056529720838,-0.7789732169344573,-0.7605840245979727
Breña Alta,2026-02-01,-0.76765826907853,-0.7653810859996698,-0.7699354521573902,-0.7810002779446908,-0.7544838563269441
Breña Alta,2026-03-01,-0.7598312872260882,-0.7564155126077979,-0.7632470618443784,-0.7771095119918483,-0.7422707022687123
Breña Alta,2026-04-01,-0.7729887214780807,-0.7684343553203603,-0.777543087635801,-0.7914624783872184,-0.755158269495025
Breña Alta,2026-05-01,-0.7845293857682105,-0.7788364280710601,-0.7902223434653611,-0.8032566581575117,-0.7659237805823021
Breña Alta,2026-06-01,-0.7891627658715772,-0.7823312166349965,-0.7959943151081577,-0.8089594214622454,-0.7694852283469432
Breña Alta,2026-07-01,-0.7572574523009837,-0.7492873115249732,-0.7652275930769944,-0.7844602468513021,-0.7300365029096367
Breña Alta,2026-08-01,-0.75767289339552,-0.7485641610800793,-0.7667816257109608,-0.786834874389669,-0.7290707467013494
Breña Alta,2026-09-01,-0.779546972708371,-0.7692996488535002,-0.7897942965632418,-0.8046716725171954,-0.7531628178619355
Breña Alta,2026-10-01,-0.7921407825169767,-0.780754867122676,-0.8035266979112777,-0.8176396734760589,-0.7674003052450215
Breña Alta,2026-11-01,-0.7711713805328623,-0.7586468735991314,-0.7836958874665932,-0.8023679957068418,-0.7408550527833243
Breña Alta,2026-12-01,-0.785726198838485,-0.7720631003653239,-0.7993892973116462,-0.8148792621271325,-0.7570741795000087
Breña Baja,2026-01-01,0.33267172097655073,0.342418817467715,0.3229246244853864,0.20594825918937787,0.45861606245582115
Breña Baja,2026-02-01,0.23888739022788535,0.25838158321021376,0.2193931972455569,0.07335125907838198,0.3994243991204351
Breña Baja,2026-03-01,0.3021685183487544,0.3314098078222471,0.27292722887526166,0.08470406954538816,0.512110676159626
Breña Baja,2026-04-01,0.1900969995529301,0.2290853855175871,0.15110861358827313,-0.016482636861355458,0.39838724485059845
Breña Baja,2026-05-01,0.02420986124001153,0.07294534369583269,-0.024525621215809708,-0.1717529572902805,0.21259977845261663
Breña Baja,2026-06-01,0.04690444329041304,0.10538702223739851,-0.011578135656572319,-0.1712805714102835,0.2658504974902507
Breña Baja,2026-07-01,0.013534848305547681,0.08176452374369733,-0.05469482713260194,-0.22828078330500648,0.2467929548404747
Breña Baja,2026-08-01,0.2545690437391393,0.3325458156684532,0.17659227180982542,-0.07237412931199161,0.5876175477901301
Breña Baja,2026-09-01,0.27642315779247173,0.3641470262129501,0.18869928937199362,-0.09692817985768863,0.6392786987833198
Breña Baja,2026-10-01,0.2705038705787612,0.36797483549040355,0.17303290566711882,-0.10870994950996367,0.6466003936160523
Breña Baja,2026-11-01,0.3403610613443821,0.44757912274718864,0.2331429999415754,-0.08463998844604506,0.7683023735330263
Breña Baja,2026-12-01,0.3337407225456101,0.4507058804395809,0.21677556465163927,-0.10213742851167792,0.7862917828617075
Buenavista del Norte,2026-01-01,-0.08514721342424544,-0.07493542121122462,-0.0953590056372664,-0.2134168552901997,0.037323152165401496
Buenavista del Norte,2026-02-01,0.0024209056261359713,0.022844490052177695,-0.018002678799905865,-0.19781148260905423,0.19989149658014632
Buenavista del Norte,2026-03-01,0.04227592290038753,0.07291129953945027,0.011640546261325014,-0.20652891757288758,0.29087395394373755
Buenavista del Norte,2026-04-01,-0.04487236607580098,-0.004025197223717475,-0.08571953492788445,-0.3103235430118013,0.2252020354466139
Buenavista del Norte,2026-05-01,-0.05321925110687293,-0.002160290041768493,-0.10427821217197739,-0.33937550094531505,0.24576792365202563
Buenavista del Norte,2026-06-01,-0.16180887095794022,-0.10053811767981477,-0.22307962423606553,-0.44492780648435526,0.10450194283770199
Buenavista del Norte,2026-07-01,-0.09553624571361702,-0.024053700222470754,-0.16701879120476315,-0.42156336065655226,0.23213373006828367
Buenavista del Norte,2026-08-01,0.1337995807917423,0.21549391849590938,0.05210524308757527,-0.30002962475797806,0.5841536289099968
Buenavista del Norte,2026-09-01,0.004084108155792154,0.09599023807298024,-0.08782202176139581,-0.40893182175650333,0.4274953302361146
Buenavista del Norte,2026-10-01,-0.02388098416149901,0.07823693796870981,-0.12599890629170793,-0.4383572327233095,0.3962379496943192
Buenavista del Norte,2026-11-01,-0.11527867255968552,-0.00294895821645575,-0.22760838690291527,-0.5178109441708958,0.27732430165211036
Buenavista del Norte,2026-12-01,-0.1799599098664813,-0.05741840331023055,-0.30250141642273204,-0.5643737235751943,0.21072044777858903
Candelaria,2026-01-01,-0.22773821030901767,-0.22490891766094642,-0.2305675029570889,-0.2617554435705784,-0.19315358904756255
Candelaria,2026-02-01,-0.20229788515973166,-0.19663929986358922,-0.2079564704558742,-0.2538492498095978,-0.15071361405528946
Candelaria,2026-03-01,-0.1815742671514464,-0.17308638920723257,-0.1900621450956601,-0.2501431192679383,-0.11665185280368609
Candelaria,2026-04-01,-0.1997692953836885,-0.18845212479140347,-0.21108646597597347,-0.27368592369450834,-0.1278027452509508
Candelaria,2026-05-01,-0.21686454611354516,-0.20271808287318893,-0.23101100935390154,-0.2988643288000521,-0.13690901615434198
Candelaria,2026-06-01,-0.24414723988659523,-0.22717148399816772,-0.2611229957750228,-0.3251242474059041,-0.1630114833426099
Candelaria,2026-07-01,-0.20502487537767353,-0.18521982684117483,-0.22482992391417234,-0.3008531133660096,-0.11375899678262007
Candelaria,2026-08-01,-0.14570580647144663,-0.12307146528687661,-0.16834014765601665,-0.25881902537814266,-0.03297505865708569
Candelaria,2026-09-01,-0.16485788371408114,-0.13939424988143986,-0.19032151754672239,-0.2772722345256862,-0.05175652431907775
Candelaria,2026-10-01,-0.18149639640321785,-0.1532034699225054,-0.2097893228839304,-0.2968348620784801,-0.060186037416941895
Candelaria,2026-11-01,-0.2289955866993971,-0.1978733675706134,-0.26011780582818084,-0.34294541494802727,-0.11349931420777246
Candelaria,2026-12-01,-0.23026021029056007,-0.19630869851370503,-0.264211722067415,-0.34353112844762546,-0.11373550199751033
El Paso,2026-01-01,-0.7693489344461768,-0.7685102119000963,-0.7701876569922571,-0.7823486860131025,-0.7564905630572318
El Paso,2026-02-01,-0.7886078899160097,-0.7869304448238488,-0.7902853350081707,-0.8029913261949644,-0.7740718935671393
El Paso,2026-03-01,-0.774010599297139,-0.7714944316588975,-0.7765267669353804,-0.7946283476689672,-0.7531883217611921
El Paso,2026-04-01,-0.7900417277503035,-0.7866868375659816,-0.7933966179346253,-0.8086730227228941,-0.7712928044995673
El Paso,2026-05-01,-0.806549409644017,-0.8023557969136146,-0.8107430223744193,-0.8230788363695059,-0.7897350278204969
El Paso,2026-06-01,-0.8167341436479035,-0.8117018083714206,-0.8217664789243863,-0.8337673319826326,-0.799742145603959
El Paso,2026-07-01,-0.7932430153259921,-0.7873719575034287,-0.7991140731485553,-0.818210279070748,-0.7689477232994067
El Paso,2026-08-01,-0.7862163230917656,-0.7795065427231218,-0.7929261034604093,-0.8160737522925879,-0.7571935715638507
El Paso,2026-09-01,-0.8017687332994394,-0.7942202303847152,-0.8093172362141635,-0.8281577944910403,-0.7757583677031047
El Paso,2026-10-01,-0.819049899258597,-0.8106626737977923,-0.8274371247194016,-0.8412423770952911,-0.7978681245605871
El Paso,2026-11-01,-0.783033059570582,-0.7738071115636967,-0.792259007577467,-0.8214322521239913,-0.7450668587040158
El Paso,2026-12-01,-0.7987141364498804,-0.7886494658969148,-0.8087788070028462,-0.8304091049708668,-0.7670758369593337
El Pinar de El Hierro,2026-01-01,-0.8219530306210684,-0.820945276463254,-0.8229607847788828,-0.8366080688627551,-0.8065954956517717
El Pinar de El Hierro,2026-02-01,-0.8468713791369618,-0.8448558708213328,-0.8488868874525906,-0.862746642456767,-0.8308291835014726
El Pinar de El Hierro,2026-03-01,-0.8334270443852246,-0.8304037819117814,-0.836450306858668,-0.856219148363883,-0.8100868183928999
El Pinar de El Hierro,2026-04-01,-0.8305088104431781,-0.8264777938119205,-0.8345398270744359,-0.8576019940687871,-0.8040177879883078
El Pinar de El Hierro,2026-05-01,-0.8412283561854973,-0.8361895853964253,-0.8462671269745694,-0.8674755361602369,-0.8141724464127654
El Pinar de El Hierro,2026-06-01,-0.8450408193610045,-0.8389942944141179,-0.8510873443078909,-0.8723734983954305,-0.8175999331954739
El Pinar de El Hierro,2026-07-01,-0.8035216707125796,-0.7964673916078787,-0.8105759498172806,-0.8488105989332393,-0.7567281527303293
El Pinar de El Hierro,2026-08-01,-0.7817650309446617,-0.7737029976821462,-0.7898270642071772,-0.8407633818086022,-0.7237868058117993
El Pinar de El Hierro,2026-09-01,-0.8048279853133923,-0.7957581978930627,-0.8138977727337221,-0.8532600545187091,-0.7541174100927585
El Pinar de El Hierro,2026-10-01,-0.8009308442036385,-0.7908533026254944,-0.8110083857817827,-0.8581579416691641,-0.7444929174852142
El Pinar de El Hierro,2026-11-01,-0.8139956690691247,-0.8029103733331662,-0.8250809648050833,-0.8680572277937134,-0.7606198962142932
El Pinar de El Hierro,2026-12-01,-0.815811456174314,-0.803718406280541,-0.8279045060680871,-0.8712295155052164,-0.7629548892415315
El Rosario,2026-01-01,-0.23962019982871252,-0.23601344200247829,-0.24322695765494684,-0.2850882843495388,-0.19618839250495243
El Rosario,2026-02-01,-0.20571188401909218,-0.19849836836662363,-0.2129253996715607,-0.2722143738358791,-0.14008206836223963
El Rosario,2026-03-01,-0.1878977776362824,-0.1770775041575796,-0.1987180511149852,-0.2740300875806693,-0.10511076738631812
El Rosario,2026-04-01,-0.21002604082120846,-0.1955990095162714,-0.2244530721261456,-0.3054921676057923,-0.11608769438510555
El Rosario,2026-05-01,-0.2255417580868619,-0.2075079689556906,-0.24357554721803326,-0.325621652297813,-0.12267049532800497
El Rosario,2026-06-01,-0.2577599717741488,-0.23611942481674308,-0.2794005187315544,-0.3605537867565722,-0.15374986456422776
El Rosario,2026-07-01,-0.23371764068382112,-0.20847033590018116,-0.258964945467461,-0.3507646541187321,-0.11648277545152731
El Rosario,2026-08-01,-0.14079665873442154,-0.11194259612454731,-0.16965072134429568,-0.2935874303716624,0.008638436064605305
El Rosario,2026-09-01,-0.18536836479234742,-0.152907544356239,-0.2178291852284559,-0.32519726026693535,-0.04061415921377203
El Rosario,2026-10-01,-0.2115050400995495,-0.17543746183720677,-0.2475726183618922,-0.3610301532727959,-0.06597858347403589
El Rosario,2026-11-01,-0.252767305818488,-0.21309296972991099,-0.292441641907065,-0.39935878217559373,-0.1154948252202009
El Rosario,2026-12-01,-0.25794441749197733,-0.2146633235771661,-0.30122551140678866,-0.3982222988872333,-0.11111850002150103
El Sauzal,2026-01-01,-0.034768019295331194,-0.02727858357742529,-0.0422574550132371,-0.10981269985623697,0.03898830192862525
El Sauzal,2026-02-01,0.013335971449861423,0.0283148428856732,-0.001642899985950303,-0.09926188709162878,0.12373117942910325
El Sauzal,2026-03-01,-0.01151357429559186,0.010954732858125838,-0.033981881449309546,-0.15146980904193227,0.1324903693030966
El Sauzal,2026-04-01,-0.056371496065354125,-0.026413753193730592,-0.08632923893697776,-0.20683546696688054,0.08792671803161757
El Sauzal,2026-05-01,-0.06667498850256029,-0.029227809913030874,-0.10412216709208974,-0.2266634709647209,0.09996532902697643
El Sauzal,2026-06-01,-0.1383645286167834,-0.09342791430934796,-0.18330114292421873,-0.30141365098036094,0.021272506597515246
El Sauzal,2026-07-01,-0.0755978287011943,-0.023171778675852996,-0.12802387872653553,-0.26108211461928144,0.11935864698185622
El Sauzal,2026-08-01,0.08038911239478685,0.14030459813803395,0.0204736266515397,-0.17427676812121387,0.33491447107839906
El Sauzal,2026-09-01,0.005871858700840665,0.07327678016199368,-0.06153306276031229,-0.2338001215011188,0.24578508736661375
El Sauzal,2026-10-01,-0.037620782972652735,0.03727357420640614,-0.11251514015171171,-0.27612180598586816,0.20694146528059804
El Sauzal,2026-11-01,-0.10263090020468238,-0.020247107307717553,-0.1850146931016472,-0.32916084518533334,0.12820260898316493
El Sauzal,2026-12-01,-0.15801025237360306,-0.06813702375873228,-0.24788348098847368,-0.3796769355147964,0.06971246665420246
El Tanque,2026-01-01,0.5281308927547393,0.5456826064073551,0.5105791791021234,0.32213106785302165,0.7374723900325291
El Tanque,2026-02-01,0.6851806275441694,0.7202840548494012,0.6500772002389377,0.3538448983801583,1.0070969769807312
El Tanque,2026-03-01,0.7449090253646303,0.7975641663224783,0.6922538844067829,0.331607889247969,1.1625333226322374
El Tanque,2026-04-01,0.5937185784796997,0.6639254330901633,0.5235117238692361,0.1470259997953273,1.0430167632711602
El Tanque,2026-05-01,0.582242198084302,0.6700007663473814,0.4944836298212226,0.08031064542808297,1.076940774147726
El Tanque,2026-06-01,0.39183451333941455,0.49714479525510985,0.2865242314237192,-0.07448320984260658,0.853815225290084
El Tanque,2026-07-01,0.5002965088283552,0.6231585043966663,0.3774345132600438,-0.050171324354303756,1.0474222290702697
El Tanque,2026-08-01,0.9023681694852579,1.0427818787061853,0.7619544602643309,0.15943208022333955,1.642428036941596
El Tanque,2026-09-01,0.6744351672066591,0.832400590080202,0.5164697443331159,-0.05475810168526215,1.3757555652546807
El Tanque,2026-10-01,0.6199781190869161,0.795495255613075,0.44446098256075733,-0.08307225906420716,1.3533532525207517
El Tanque,2026-11-01,0.4589147153275885,0.6519835655063632,0.2658458651488136,-0.19777550189210796,1.1528453618007508
El Tanque,2026-12-01,0.3527508994848965,0.5633714633162871,0.14213033565350588,-0.28438603275026747,1.0177323494302024
Fasnia,2026-01-01,0.3112964480495583,0.32766557539706054,0.2949273207020564,0.11977270565252456,0.49854212778163065
Fasnia,2026-02-01,0.44630144087719886,0.4790396955722032,0.4135631861821944,0.1528859342927836,0.7474272607693945
Fasnia,2026-03-01,0.5009372128830644,0.5500445949255708,0.451829830840558,0.12194913681284948,0.8754414869300877
Fasnia,2026-04-01,0.372805992166445,0.4382825015564538,0.3073294827764366,-0.02893726617658511,0.7724661208637789
Fasnia,2026-05-01,0.35720775078366246,0.43905338752117334,0.275362114046152,-0.0780634935849339,0.8208812717423226
Fasnia,2026-06-01,0.18553811051657795,0.2837528746015908,0.08732334643156497,-0.2259438930884502,0.5992326169166521
Fasnia,2026-07-01,0.28445015842779586,0.3990340498603107,0.1698662669952808,-0.1950726905131545,0.7637145655991452
Fasnia,2026-08-01,0.6265406889001334,0.7574937076801507,0.49558767012011645,-0.037720559887579934,1.2766625741069502
Fasnia,2026-09-01,0.4307595873448446,0.5780817334723638,0.2834374412173254,-0.19401179893621437,1.0661776775935292
Fasnia,2026-10-01,0.38998948254821847,0.5536807560232399,0.22629820907319703,-0.25330554173867403,1.0159810375440146
Fasnia,2026-11-01,0.260498495431458,0.44055889625398154,0.08043809460893445,-0.34103455917536313,0.8571325775946504
Fasnia,2026-12-01,0.16790170761318704,0.36433123578321275,-0.028527820556838508,-0.40098793898663926,0.7422983593337811
Firgas,2026-01-01,-0.4211182709200986,-0.418094643998514,-0.42414189784168316,-0.46090123100155905,-0.38120398315472154
Firgas,2026-02-01,-0.4333821091994877,-0.4273348553563185,-0.43942936304265684,-0.48671630527710175,-0.37847221094002537
Firgas,2026-03-01,-0.43871008107533355,-0.4296392003105797,-0.44778096184008737,-0.5045229982619297,-0.37106930859521925
Firgas,2026-04-01,-0.4556931308933337,-0.44359862320699533,-0.46778763857967204,-0.5270207371299025,-0.38324066862234396
Firgas,2026-05-01,-0.48634551621394345,-0.4712273816060205,-0.5014636508218663,-0.5572739116963289,-0.41236263050375954
Firgas,2026-06-01,-0.5690474009911687,-0.5509056394616612,-0.5871891625206762,-0.6395016544661115,-0.4981035857441252
Firgas,2026-07-01,-0.5523518471030332,-0.5311864586519411,-0.5735172355541254,-0.6321886739200614,-0.4699527335761086
Firgas,2026-08-01,-0.5572572729788743,-0.5330682576061976,-0.581446288351551,-0.6388950520138826,-0.4729415761019558
Firgas,2026-09-01,-0.47932207430142476,-0.4521094320071634,-0.5065347165956862,-0.5844446422044215,-0.37311258572969547
Firgas,2026-10-01,-0.5042260807098486,-0.4739898114940028,-0.5344623499256946,-0.6179359191950808,-0.3928798748224404
Firgas,2026-11-01,-0.4336399559510256,-0.40038005981359526,-0.46689985208845614,-0.569938940618714,-0.29657910345544364
Firgas,2026-12-01,-0.4763741050817006,-0.44009058202268564,-0.5126576281407157,-0.6029071659553082,-0.3449495359416718
Frontera,2026-01-01,-0.801904498142967,-0.8007409402564928,-0.8030680560294411,-0.8136023552017538,-0.7904525913260761
Frontera,2026-02-01,-0.8086651605289629,-0.8063380447560143,-0.8109922763019112,-0.824415772377595,-0.7933611409511736
Frontera,2026-03-01,-0.8060854222266484,-0.8025947485672257,-0.8095760958860708,-0.825755926790736,-0.7860254165066063
Frontera,2026-04-01,-0.789728105540123,-0.7850738739942261,-0.7943823370860197,-0.815330966318825,-0.7633441991484619
Frontera,2026-05-01,-0.7945555135022472,-0.7887377240698762,-0.8003733029346182,-0.821033538737402,-0.7675089490880062
Frontera,2026-06-01,-0.7911925270148457,-0.7842111796960003,-0.7981738743336908,-0.8225105670702236,-0.7598438774691211
Frontera,2026-07-01,-0.7652767726645516,-0.7571318674592323,-0.7734216778698713,-0.8093719417488788,-0.72063534712407
Frontera,2026-08-01,-0.736279668427846,-0.7269712053360523,-0.7455881315196395,-0.7960500574551634,-0.6771882711533159
Frontera,2026-09-01,-0.7799626768552844,-0.7694906558770166,-0.7904346978335521,-0.8241358193074005,-0.7363962505495502
Frontera,2026-10-01,-0.7883093544082616,-0.7766737755435197,-0.7999449332730036,-0.8310509755686213,-0.746136014711329
Frontera,2026-11-01,-0.7952638373029726,-0.7824647005517564,-0.8080629740541889,-0.8408826167509967,-0.7504565698989808
Frontera,2026-12-01,-0.8031544213435673,-0.7891917267058769,-0.8171171159812577,-0.8477755142782861,-0.7557844631642395
Fuencaliente de La Palma,2026-01-01,0.19798133357906958,0.20879471669558472,0.18716795046255416,0.013949046116615963,0.378937493980794
Fuencaliente de La Palma,2026-02-01,0.002542721596545527,0.02416948782957628,-0.019084044636485144,-0.20860665449705315,0.21813088350120757
Fuencaliente de La Palma,2026-03-01,0.15321553273092173,0.18565568208046793,0.12077538338137567,-0.14309915981319252,0.4594624832233522
Fuencaliente de La Palma,2026-04-01,0.07830053033664894,0.12155406280271044,0.03504699787058776,-0.24328599595881586,0.38889466504658765
Fuencaliente de La Palma,2026-05-01,-0.35583752169666544,-0.3017706061140884,-0.4099044372792422,-0.5519050304172203,-0.15864505434720855
Fuencaliente de La Palma,2026-06-01,-0.15776512832044848,-0.09288482962135627,-0.22264542701954076,-0.45463627016673525,0.14751269743687168
Fuencaliente de La Palma,2026-07-01,0.11012570529973173,0.18581938711533927,0.0344320234841241,-0.3303645430464371,0.5411905476596235
Fuencaliente de La Palma,2026-08-01,0.16125385634903552,0.24776092128115842,0.07474679141691268,-0.3405294263344135,0.6646171113033713
Fuencaliente de La Palma,2026-09-01,0.005957318503505998,0.10327776655214446,-0.09136312954513212,-0.43348690042800914,0.45554666360196794
Fuencaliente de La Palma,2026-10-01,-0.040240065760898204,0.06789376540425568,-0.1483738969260519,-0.4919116240567675,0.3888715127867618
Fuencaliente de La Palma,2026-11-01,0.11182373926302294,0.23077095354469204,-0.007123475018646164,-0.4255210658607777,0.655626025494293
Fuencaliente de La Palma,2026-12-01,0.13518440936570295,0.2649450067638873,0.0054238119675185876,-0.4684255945322252,0.7154503790391051
Garachico,2026-01-01,0.1504472400600437,0.1608895763362569,0.1400049037838308,0.028446992252277925,0.2761682391384345
Garachico,2026-02-01,0.24801967567355238,0.26890434822597825,0.2271350031211263,0.05646654354563259,0.437250237356856
Garachico,2026-03-01,0.29794206193237954,0.3292690707610185,0.26661505310374034,0.04538593540189422,0.5503801626391459
Garachico,2026-04-01,0.20088159278557427,0.24265093789042635,0.15911224768072224,-0.06509222604869638,0.47236717620529767
Garachico,2026-05-01,0.1835863809383762,0.23579806231944142,0.13137469955731104,-0.10849551611432916,0.4715597960777404
Garachico,2026-06-01,0.07799284199282377,0.14064685965010193,0.015338824335545504,-0.2040581897817944,0.36850230475193996
Garachico,2026-07-01,0.18414631543260832,0.25724266936609963,0.11104996149911708,-0.14426982875344682,0.5185206405642905
Garachico,2026-08-01,0.4209443891967137,0.504483079406418,0.3374056989870095,-0.03894514415172705,0.867115462509143
Garachico,2026-09-01,0.31006188924235495,0.40404291572827217,0.21608086275643748,-0.10822901609905156,0.734313546685949
Garachico,2026-10-01,0.2578014514861566,0.36222481424828706,0.15337808872402625,-0.16728253021548414,0.6862488710063984
Garachico,2026-11-01,0.1524781941175767,0.2673438931559202,0.0376124950792333,-0.250002846461708,0.5628578344075565
Garachico,2026-12-01,0.10612861366415569,0.23143664897871213,-0.019179421650400964,-0.27968961993569375,0.513209897805431
Garafía,2026-01-01,-0.8496428081727988,-0.8486371314212455,-0.8506484849243521,-0.8638332735012306,-0.8358739264082959
Garafía,2026-02-01,-0.8514777841076614,-0.8494664306045551,-0.853489137610768,-0.8708171554908768,-0.8313913607202761
Garafía,2026-03-01,-0.8482497007515344,-0.8452326704968746,-0.8512667310061942,-0.8732865640356869,-0.8225998223130871
Garafía,2026-04-01,-0.8775949559787336,-0.8735722489725205,-0.8816176629849467,-0.8968518154845911,-0.8583757714623683
Garafía,2026-05-01,-0.883277640273563,-0.8782492565157968,-0.8883060240313293,-0.9031631015518109,-0.8629998770127933
Garafía,2026-06-01,-0.9021245923528834,-0.8960905318435639,-0.908158652862203,-0.9169680043233752,-0.8878039018314361
Garafía,2026-07-01,-0.8626609367586774,-0.8556211994978046,-0.8697006740195502,-0.893979643978641,-0.8307577814871685
Garafía,2026-08-01,-0.844778749785021,-0.8367333357725949,-0.852824163797447,-0.8872879341351234,-0.8024704201852253
Garafía,2026-09-01,-0.8752167985191756,-0.8661657077551961,-0.8842678892831547,-0.9055399207373723,-0.843673024062376
Garafía,2026-10-01,-0.8709104335849781,-0.8608536660694457,-0.8809672011005106,-0.9055686630665907,-0.8349087928617918
Garafía,2026-11-01,-0.8362813838023777,-0.8252189395352918,-0.8473438280694635,-0.8920532792033307,-0.7816023030780165
Garafía,2026-12-01,-0.8611926165022935,-0.8491244954836545,-0.8732607375209326,-0.9048921886159811,-0.8176691465931504
Granadilla de Abona,2026-01-01,-0.10452503687380438,-0.10293217888969924,-0.10611789485790951,-0.13030874089562733,-0.07812790071388237
Granadilla de Abona,2026-02-01,-0.13369862387732317,-0.1305129079091128,-0.1368843398455334,-0.16746315214040433,-0.10071347287408568
Granadilla de Abona,2026-03-01,-0.11142129472236972,-0.10664272077005427,-0.11619986867468518,-0.15448935719318152,-0.06783420867826065
Granadilla de Abona,2026-04-01,-0.10931180570885052,-0.10294037377242998,-0.115683237645271,-0.15777419759744268,-0.059522845015465876
Granadilla de Abona,2026-05-01,-0.13404448490902998,-0.12608019498850437,-0.14200877482955576,-0.18830308310148836,-0.08100925713808894
Granadilla de Abona,2026-06-01,-0.12505916771199904,-0.11550201980736818,-0.13461631561663,-0.18524179492635565,-0.06649444065242907
Granadilla de Abona,2026-07-01,-0.12797577632375745,-0.11682577043502135,-0.13912578221249344,-0.19107250257930655,-0.06465684105558757
Granadilla de Abona,2026-08-01,-0.1227686535132354,-0.11002578964039433,-0.13551151738607653,-0.1916794642095927,-0.05359953040869423
Granadilla de Abona,2026-09-01,-0.11399728275523058,-0.09966156089828432,-0.12833300461217695,-0.18797953422673527,-0.04219932151548949
Granadilla de Abona,2026-10-01,-0.11289889671676134,-0.09697031687570995,-0.12882747655781285,-0.18790807111959568,-0.033127123283631835
Granadilla de Abona,2026-11-01,-0.10997842293747873,-0.09245698511232214,-0.12749986076263542,-0.19208363862704975,-0.02730761902826227
Granadilla de Abona,2026-12-01,-0.0943832409848156,-0.07526894517555399,-0.11349753679407742,-0.1829401079022935,-0.005015307910206993
Guía de Isora,2026-01-01,-0.253775741983339,-0.24640504126431984,-0.2611464427023583,-0.306946905947641,-0.20080164043626814
Guía de Isora,2026-02-01,-0.2530042964667985,-0.23826289502876008,-0.267745697904837,-0.3279571644716079,-0.1819923600641428
Guía de Isora,2026-03-01,-0.23411239058705588,-0.2120002884299981,-0.2562244927441136,-0.3277253874404276,-0.1378490790867077
Guía de Isora,2026-04-01,-0.2555011274980442,-0.22601832462196728,-0.2849839303741212,-0.3587348660495416,-0.15411090442015396
Guía de Isora,2026-05-01,-0.2789731834559392,-0.242119679860843,-0.3158266870510354,-0.388610135872574,-0.1678269540887225
Guía de Isora,2026-06-01,-0.24997455358065446,-0.20575034926653898,-0.29419875789476985,-0.38403011369004925,-0.11946845529139365
Guía de Isora,2026-07-01,-0.19144134190186726,-0.13984643686873252,-0.24303624693500192,-0.35564189914881705,-0.024151585633224008
Guía de Isora,2026-08-01,-0.18544646454040273,-0.12648085878824872,-0.24441207029255657,-0.3646996269426068,-0.006425494575453297
Guía de Isora,2026-09-01,-0.27520893417987397,-0.2088726277087008,-0.3415452406510472,-0.42445866314385994,-0.12974437931958588
Guía de Isora,2026-10-01,-0.20168890882878523,-0.1279819016385928,-0.27539591601897756,-0.39537125586330024,-0.008483639021311067
Guía de Isora,2026-11-01,-0.21989592907101305,-0.13881822116180143,-0.3009736369802248,-0.413680988340691,-0.03438547256378229
Guía de Isora,2026-12-01,-0.20496749932474415,-0.11651909069651332,-0.29341590795297506,-0.4071834821754086,-0.007428009264408726
Gáldar,2026-01-01,-0.5180197866043783,-0.5170832406094374,-0.5189563325993192,-0.5354218043699024,-0.5002993035915527
Gáldar,2026-02-01,-0.522277080352164,-0.5204039883622823,-0.5241501723420458,-0.546709382197491,-0.4992908384121654
Gáldar,2026-03-01,-0.5178832525239497,-0.5150736145391271,-0.5206928905087724,-0.5479713095615192,-0.4876282717923283
Gáldar,2026-04-01,-0.5224975198328101,-0.5187513358530467,-0.5262437038125736,-0.5561924900182804,-0.48845561728119746
Gáldar,2026-05-01,-0.5322876725379562,-0.527604942563252,-0.5369704025126606,-0.5679364446766609,-0.49662461478745235
Gáldar,2026-06-01,-0.5501843679381614,-0.5445650919685162,-0.5558036439078066,-0.5853458497655222,-0.5143866196907948
Gáldar,2026-07-01,-0.5470088915132256,-0.5404530695486396,-0.5535647134778118,-0.5872844007895555,-0.5056980716850917
Gáldar,2026-08-01,-0.5454037852953328,-0.537911417335806,-0.5528961532548599,-0.5887394565112808,-0.5027703464273992
Gáldar,2026-09-01,-0.5185552079559962,-0.5101262940015283,-0.5269841219104641,-0.5698141416350468,-0.4686187870486651
Gáldar,2026-10-01,-0.5184537567830829,-0.5090882968336743,-0.5278192167324917,-0.5720511899002566,-0.46569050872241396
Gáldar,2026-11-01,-0.49954993017117294,-0.48924792422682345,-0.5098519361155226,-0.5617440684945951,-0.4380643139804686
Gáldar,2026-12-01,-0.5165832027938693,-0.5053446508545788,-0.5278217547331597,-0.575402284893376,-0.4565812375619927
Güímar,2026-01-01,-0.4820459328460037,-0.47930073261297307,-0.48479113307903443,-0.5127745040824935,-0.4520122633393473
Güímar,2026-02-01,-0.460731987047722,-0.4552415865816605,-0.4662223875137834,-0.5055437389422301,-0.41434458493160325
Güímar,2026-03-01,-0.4500656625393128,-0.44183006184022044,-0.458301263238405,-0.5082895152011828,-0.39240008677763105
Güímar,2026-04-01,-0.47075019147112335,-0.45976939053900034,-0.4817309924032463,-0.5331331445529468,-0.406391872667735
Güímar,2026-05-01,-0.47884032263902326,-0.4651143214738695,-0.492566323804177,-0.5459327798961812,-0.4108195224884612
Güímar,2026-06-01,-0.5056603774207095,-0.48918917602252493,-0.522131578818894,-0.572091519767975,-0.4373343453653763
Güímar,2026-07-01,-0.49303320088171837,-0.47381679925050324,-0.5122496025129337,-0.5701913575585322,-0.41473416431406984
Güímar,2026-08-01,-0.4371464995516005,-0.41518489768735456,-0.4591081014158465,-0.5426525878391625,-0.33507084478787164
Güímar,2026-09-01,-0.46558672452874555,-0.44087992243146884,-0.4902935266260223,-0.5618620151721214,-0.36926924991466675
Güímar,2026-10-01,-0.4674741253887121,-0.44002212305840466,-0.49492612771901967,-0.5684178521249961,-0.3653614186601619
Güímar,2026-11-01,-0.4890032828100815,-0.4588060802467433,-0.5192004853734198,-0.5884713938829038,-0.39506083090865873
Güímar,2026-12-01,-0.507026280856844,-0.47408387806047486,-0.5399686836532128,-0.6012514444972102,-0.41297964425184314
Haría,2026-01-01,-0.6163217456079108,-0.6148020201034478,-0.6178414711123739,-0.6410200001678497,-0.5925187477990818
Haría,2026-02-01,-0.6369274501416823,-0.6338879991327561,-0.6399669011506085,-0.6683655287288713,-0.6058068230622499
Haría,2026-03-01,-0.6249578423031981,-0.6203986657898087,-0.6295170188165874,-0.6660662857054004,-0.5836766353305779
Haría,2026-04-01,-0.6290027429725346,-0.6229238409546821,-0.635081644990387,-0.6745686152773188,-0.5852456218561969
Haría,2026-05-01,-0.642557500768284,-0.6349588732459684,-0.6501561282905995,-0.6890999939187132,-0.5955131857864422
Haría,2026-06-01,-0.646325490244065,-0.6372071372172865,-0.6554438432708438,-0.697622187542481,-0.5951455674965589
Haría,2026-07-01,-0.6478648589753375,-0.6372267804440958,-0.6585029375065793,-0.7040352464022809,-0.5904117240847386
Haría,2026-08-01,-0.6403338418710445,-0.6281760378353396,-0.6524916459067495,-0.7017573410521717,-0.5750136776957661
Haría,2026-09-01,-0.6327989537325821,-0.619121424192414,-0.6464764832727501,-0.6993114886039206,-0.566157322788349
Haría,2026-10-01,-0.6335865427416234,-0.6183892876969923,-0.6487837977862544,-0.7084208005212462,-0.5599114424241409
Haría,2026-11-01,-0.6416400328153016,-0.6249230522662074,-0.6583570133643957,-0.7188388011781427,-0.5622166641101605
Haría,2026-12-01,-0.6289741580891431,-0.6107374520355859,-0.6472108641427006,-0.7139499658427043,-0.5454624647547933
Hermigua,2026-01-01,-0.7028859976166272,-0.701353359375121,-0.7044186358581334,-0.7257611064354773,-0.6795393308246804
Hermigua,2026-02-01,-0.7097438110468687,-0.7066785345638565,-0.7128090875298808,-0.7421659861170756,-0.6778961648060899
Hermigua,2026-03-01,-0.7070074609705563,-0.7024095462460381,-0.7116053756950748,-0.7463051582288257,-0.6689810522125392
Hermigua,2026-04-01,-0.7306562731687456,-0.7245257202027212,-0.7367868261347699,-0.7711471099053437,-0.690534549710294
Hermigua,2026-05-01,-0.7394039110915042,-0.7317407198839737,-0.7470671022990346,-0.7797133643011567,-0.699032410850079
Hermigua,2026-06-01,-0.7516074859225248,-0.7424116564734883,-0.7608033153715613,-0.7921808814090818,-0.7096601977496383
Hermigua,2026-07-01,-0.7421648568944663,-0.7314363892039237,-0.752893324585009,-0.7909154354919345,-0.6933128101616189
Hermigua,2026-08-01,-0.7172376588705137,-0.7049765529384648,-0.7294987648025625,-0.7767400377934308,-0.6547320330996204
Hermigua,2026-09-01,-0.7372231910788786,-0.7234294469053236,-0.7510169352524335,-0.7913491525486506,-0.6818350354759564
Hermigua,2026-10-01,-0.7648072471091617,-0.7494808646941007,-0.7801336295242226,-0.8164990527044579,-0.7144575658730745
Hermigua,2026-11-01,-0.7225196445547428,-0.7056606238981757,-0.7393786652113097,-0.796747853197056,-0.6489495408332041
Hermigua,2026-12-01,-0.7223375327304615,-0.7039458738323883,-0.7407291916285346,-0.7976531101911011,-0.6469521286523706
Icod de los Vinos,2026-01-01,-0.3695840922085515,-0.3665267538632198,-0.3726414305538831,-0.4014283857848035,-0.33765821470170443
Icod de los Vinos,2026-02-01,-0.36333001698161776,-0.35721534029095436,-0.3694446936722811,-0.41067529031767747,-0.31785750051992656
Icod de los Vinos,2026-03-01,-0.35708842031119076,-0.3479164052751957,-0.3662604353471857,-0.4165225666567154,-0.29676254631033416
Icod de los Vinos,2026-04-01,-0.3795261922043959,-0.3672968388230691,-0.39175554558572256,-0.4423755199272151,-0.3171676145851953
Icod de los Vinos,2026-05-01,-0.3908209620370058,-0.3755342703103474,-0.4061076537636642,-0.4613986227258726,-0.3209281731219561
Icod de los Vinos,2026-06-01,-0.413814135425667,-0.39547010535367694,-0.4321581654976572,-0.47998869519221404,-0.3446205434360024
Icod de los Vinos,2026-07-01,-0.39663952225811483,-0.375238153840793,-0.41804089067543654,-0.47837950527298534,-0.31676116106782465
Icod de los Vinos,2026-08-01,-0.342646347919984,-0.3181876411573306,-0.3671050546826375,-0.4458128476583925,-0.23782033542985706
Icod de los Vinos,2026-09-01,-0.36942909059390083,-0.3419130454859156,-0.39694513570188594,-0.46582520085865176,-0.27138191244449833
Icod de los Vinos,2026-10-01,-0.3813322637553672,-0.3507588803020504,-0.41190564720868406,-0.48262799478915297,-0.27889481483223033
Icod de los Vinos,2026-11-01,-0.40141064653598124,-0.36777992473733273,-0.43504136833462975,-0.497220198587032,-0.3016677523815743
Icod de los Vinos,2026-12-01,-0.4088850308069503,-0.37219697066297014,-0.4455730909509305,-0.5096543607099754,-0.3093705401970713
Ingenio,2026-01-01,-0.44459471958183505,-0.4429353677460991,-0.44625407141757084,-0.46163390865979415,-0.42687028040803804
Ingenio,2026-02-01,-0.47185572578198304,-0.4685370221105112,-0.47517442945345484,-0.49418782849525306,-0.44965326877499473
Ingenio,2026-03-01,-0.47472782570744415,-0.46974977020023656,-0.47970588121465185,-0.50213667274579,-0.44755378131638607
Ingenio,2026-04-01,-0.4729315913725346,-0.466294184029591,-0.47956899871547815,-0.5036142418014172,-0.44241135399913145
Ingenio,2026-05-01,-0.4869849564124139,-0.47868819723373435,-0.49528171559109324,-0.5191168181250031,-0.4556592411194492
Ingenio,2026-06-01,-0.5192769185119697,-0.5093208074975543,-0.5292330295263851,-0.5494776175320571,-0.48847535018055027
Ingenio,2026-07-01,-0.5122399309045901,-0.5006244680544388,-0.5238553937547414,-0.5454554912959572,-0.4785185993808156
Ingenio,2026-08-01,-0.5076498803582791,-0.4943750656723918,-0.520924695044166,-0.5445031296201699,-0.4704539572150158
Ingenio,2026-09-01,-0.4813539382431721,-0.46641977172154914,-0.49628810476479507,-0.52691575634953,-0.43701756830742744
Ingenio,2026-10-01,-0.4782489465771951,-0.46165542821983613,-0.4948424649345541,-0.5252949981334206,-0.4309006106532033
Ingenio,2026-11-01,-0.4519246172110714,-0.4336717470179766,-0.4701774874041662,-0.5078382893289494,-0.39560250636136407
Ingenio,2026-12-01,-0.4675149689815102,-0.44760274695267954,-0.487427191010341,-0.5231031359911723,-0.41271132070926325
La Aldea de San Nicolás,2026-01-01,-0.622917779341326,-0.6214220659287718,-0.6244134927538801,-0.6609426712075553,-0.5845013773031271
La Aldea de San Nicolás,2026-02-01,-0.6427790089961437,-0.6397875821710353,-0.645770435821252,-0.6929722352322297,-0.5930764311182625
La Aldea de San Nicolás,2026-03-01,-0.6342912210748467,-0.6298040808371842,-0.6387783613125092,-0.6986954614838132,-0.5700511708427419
La Aldea de San Nicolás,2026-04-01,-0.6683078901450654,-0.6623250364948488,-0.6742907437952822,-0.7308190348469882,-0.6061341577965311
La Aldea de San Nicolás,2026-05-01,-0.6832435389282537,-0.6757649718654827,-0.6907221059910246,-0.7471710736800204,-0.6181340800529497
La Aldea de San Nicolás,2026-06-01,-0.6896162777760371,-0.6806419973007121,-0.6985905582513622,-0.7599462545317225,-0.6197908489922276
La Aldea de San Nicolás,2026-07-01,-0.6796429924278375,-0.6691729985399584,-0.6901129863157166,-0.7590087370604617,-0.5968456920733904
La Aldea de San Nicolás,2026-08-01,-0.69571109843871,-0.6837453911382766,-0.7076768057391434,-0.7746748639951899,-0.6171715769364546
La Aldea de San Nicolás,2026-09-01,-0.6501454479782861,-0.6366840272652985,-0.6636068686912736,-0.7523485415900708,-0.548144362709875
La Aldea de San Nicolás,2026-10-01,-0.6451428588827298,-0.630185724757188,-0.6600999930082714,-0.7560058423944449,-0.535196261748902
La Aldea de San Nicolás,2026-11-01,-0.6048713540425695,-0.5884185065044736,-0.6213242015806654,-0.7413309400785923,-0.4666202064245192
La Aldea de San Nicolás,2026-12-01,-0.6292234358202665,-0.6112748748696163,-0.6471719967709165,-0.7622953580144406,-0.4998420187144185
La Guancha,2026-01-01,-0.09009438796767141,-0.08036637947744113,-0.0998223964579017,-0.1952652587411588,0.01681237724451273
La Guancha,2026-02-01,0.0027921008718434165,0.0222481178523039,-0.016663916108617123,-0.16083931264057716,0.16553485837710596
La Guancha,2026-03-01,0.021146084793407953,0.05033011026409886,-0.008037940677282867,-0.18635932543150513,0.22383735434158866
La Guancha,2026-04-01,-0.05948369644931479,-0.020571662488393795,-0.0983957304102358,-0.27495400173472184,0.16726391548126554
La Guancha,2026-05-01,-0.07153346825145607,-0.022893425800304824,-0.12017351070260737,-0.3208679706977009,0.178202257036911
La Guancha,2026-06-01,-0.15075481401655566,-0.09238676307517407,-0.20912286495793717,-0.38391873191394804,0.08057241228387511
La Guancha,2026-07-01,-0.09182816181827054,-0.023732102386658717,-0.1599242212498824,-0.3549829202953604,0.17338025593517684
La Guancha,2026-08-01,0.1274809304271388,0.20530499834898097,0.049656862505296766,-0.24534852562246764,0.4973998029803049
La Guancha,2026-09-01,0.011092368338027842,0.09864444475010015,-0.07645970807404438,-0.3453691232480568,0.36495558608989376
La Guancha,2026-10-01,-0.01645890064217321,0.08082118426012941,-0.11373898554447576,-0.3791083627079265,0.34167146706127755
La Guancha,2026-11-01,-0.10730776054972263,-0.0002996671571898262,-0.21431585394225544,-0.442941697730899,0.22851772019341654
La Guancha,2026-12-01,-0.1705687684050865,-0.05383266652232346,-0.2873048702878496,-0.49315983081628045,0.15817620092429224
La Matanza de Acentejo,2026-01-01,0.16072587312924697,0.16902481702653718,0.15242692923195655,0.07906902806032842,0.24439836864831954
La Matanza de Acentejo,2026-02-01,0.2366799669356689,0.25327785473024966,0.220082079141088,0.11144591475729225,0.360387979836549
La Matanza de Acentejo,2026-03-01,0.24245399444930518,0.2673508261411763,0.21755716275743395,0.08255542246364896,0.40256917951877874
La Matanza de Acentejo,2026-04-01,0.17217030285195514,0.20536607844111673,0.13897452726279366,0.009001274233285407,0.33868670680048957
La Matanza de Acentejo,2026-05-01,0.15761127552291146,0.19910599500936338,0.11611655603645951,-0.026798551521484634,0.34622744797100996
La Matanza de Acentejo,2026-06-01,0.10275877145851328,0.15255243484225564,0.052965108074770804,-0.08356386084006157,0.2929320005251569
La Matanza de Acentejo,2026-07-01,0.12813240538439688,0.18622501266542957,0.07003979810336414,-0.09111761935357772,0.3300951933321756
La Matanza de Acentejo,2026-08-01,0.2961321838299921,0.3625237350083152,0.22974063265166897,0.01896529820974334,0.5796468221887919
La Matanza de Acentejo,2026-09-01,0.24800200630517816,0.32269250138079164,0.1733115112295646,-0.026974790241226978,0.5157499403149275
La Matanza de Acentejo,2026-10-01,0.24391347847673775,0.32690291744964156,0.16092403950383377,-0.04035941286923163,0.5118117217668658
La Matanza de Acentejo,2026-11-01,0.1839770772453783,0.2752654601155727,0.09268869437518407,-0.08869745217435722,0.45106696042658073
La Matanza de Acentejo,2026-12-01,0.1596922841544382,0.2592796109219229,0.06010495738695356,-0.11631665480485248,0.4286488356558056
La Oliva,2026-01-01,0.479491837089686,0.48970822155668287,0.46927545262268927,0.35241209326688416,0.6011473800304342
La Oliva,2026-02-01,0.47519564907580825,0.49562841800980184,0.45476288014181465,0.299938738011013,0.6486728040790593
La Oliva,2026-03-01,0.5604535447873887,0.591102698188379,0.5298043913863983,0.32337392510455687,0.7857128087693873
La Oliva,2026-04-01,0.5611709692097216,0.6020365070777087,0.5203054313417345,0.3002418252419928,0.8218671162557535
La Oliva,2026-05-01,0.44303345797528987,0.4941153803102739,0.39195153564030594,0.18865950747723587,0.6913782056507379
La Oliva,2026-06-01,0.545263505449981,0.6065618122519617,0.48396519864800025,0.22221292910372337,0.8642693956731126
La Oliva,2026-07-01,0.7192949870077331,0.7908096782767108,0.6477802957387556,0.30548773380124916,1.1201250533836071
La Oliva,2026-08-01,0.7406050246885832,0.8223361004245576,0.6588739489526088,0.2884580746416965,1.1855850950663194
La Oliva,2026-09-01,0.6211249279025343,0.7130723881055056,0.5291774676995631,0.205967671158888,1.0418403244579442
La Oliva,2026-10-01,0.6761497456488844,0.7783135903188523,0.5739859009789162,0.2054175115261108,1.1232514552175494
La Oliva,2026-11-01,0.631335030047713,0.7437152591846777,0.5189548009107482,0.14630582438260945,1.1097477230926387
La Oliva,2026-12-01,0.5447533208173182,0.6673499344212799,0.42215670721335663,0.09951198252299907,0.9820390112304109
La Orotava,2026-01-01,-0.42651937079325447,-0.42496528795667105,-0.428073453629838,-0.44351135338029896,-0.4097273006391108
La Orotava,2026-02-01,-0.42123783430899886,-0.41812966863583173,-0.424345999982166,-0.4471836755586163,-0.39569337567100576
La Orotava,2026-03-01,-0.41734532633564264,-0.41268307782589203,-0.4220075748453933,-0.4499901430677773,-0.3850487800213842
La Orotava,2026-04-01,-0.429263271039583,-0.4230469396932487,-0.43547960238591704,-0.46449645578623694,-0.3942077269150759
La Orotava,2026-05-01,-0.43181541920796995,-0.4240450050250522,-0.4395858333908878,-0.47038311083948964,-0.3926830806637437
La Orotava,2026-06-01,-0.44700533397166414,-0.4376808369521628,-0.4563298309911655,-0.4846087017991515,-0.4083985151826508
La Orotava,2026-07-01,-0.4340976622198937,-0.42321908236380884,-0.4449762420759785,-0.47664812219043434,-0.3905041536456755
La Orotava,2026-08-01,-0.3996574784356975,-0.387224815743029,-0.4120901411283658,-0.45668257890467295,-0.33875220591777006
La Orotava,2026-09-01,-0.4173625026356737,-0.4033757571064217,-0.43134924816492554,-0.47158464912430226,-0.36299028478154405
La Orotava,2026-10-01,-0.42367462855330634,-0.40813380018747086,-0.4392154569191418,-0.48199325983601604,-0.3639573792737877
La Orotava,2026-11-01,-0.4409056711716815,-0.4238107599692625,-0.4580005823741004,-0.4946811055090957,-0.38577733791288665
La Orotava,2026-12-01,-0.4449044526660018,-0.42625545862699926,-0.46355344670500426,-0.5006409270142482,-0.3921762531803984
La Victoria de Acentejo,2026-01-01,-0.27861879762916425,-0.2717917174027146,-0.28544587785561387,-0.34408599932467065,-0.2147155443198467
La Victoria de Acentejo,2026-02-01,-0.20795615389392405,-0.1943019934410249,-0.22161031434682335,-0.3105405242530004,-0.10839088255976569
La Victoria de Acentejo,2026-03-01,-0.19701064772954863,-0.17652940705019976,-0.21749188840889738,-0.3246806327650339,-0.06826370088134161
La Victoria de Acentejo,2026-04-01,-0.2564279221804751,-0.22911960127467662,-0.2837362430862736,-0.38945646486690394,-0.12172963368871333
La Victoria de Acentejo,2026-05-01,-0.2624983868909507,-0.22836298575870262,-0.2966337880231987,-0.41270785946745364,-0.1125521992500787
La Victoria de Acentejo,2026-06-01,-0.30821931067439745,-0.2672568293156998,-0.34918179203309513,-0.45328850322766334,-0.16110998282806058
La Victoria de Acentejo,2026-07-01,-0.26110544162229904,-0.21331588003715185,-0.3088950032074463,-0.42675769646654144,-0.09454064521563
La Victoria de Acentejo,2026-08-01,-0.12005206264373236,-0.06543542083213544,-0.17466870445532923,-0.3423559608818952,0.11332701451291974
La Victoria de Acentejo,2026-09-01,-0.1906989955499511,-0.1292552735119046,-0.2521427175879976,-0.4069702304101205,0.025430695883765307
La Victoria de Acentejo,2026-10-01,-0.21142178620887192,-0.14315098394437584,-0.27969258847336803,-0.42933484479284845,0.011332263908381164
La Victoria de Acentejo,2026-11-01,-0.28749260241010305,-0.21239471991915732,-0.3625904849010487,-0.49404785343669716,-0.0844399067033827
La Victoria de Acentejo,2026-12-01,-0.33075193894326005,-0.2488269762258648,-0.41267690166065535,-0.5259744594044337,-0.1317850376001236
Las Palmas de Gran Canaria,2026-01-01,3.2529683783048027,3.255593274147756,3.2503434824618496,3.170722133234769,3.3422468115200963
Las Palmas de Gran Canaria,2026-02-01,3.2535314471781382,3.258781238864045,3.2482816554922325,3.139551390350216,3.3694213644186024
Las Palmas de Gran Canaria,2026-03-01,3.283698426674259,3.2915731142031186,3.2758237391453995,3.1390855112043847,3.432662847585128
Las Palmas de Gran Canaria,2026-04-01,3.2554113289157853,3.2659109122875982,3.2449117455439724,3.0873716161623643,3.4302590203856997
Las Palmas de Gran Canaria,2026-05-01,3.178626252943204,3.19175073215797,3.1655017737284386,3.002700126939719,3.3555844070884415
Las Palmas de Gran Canaria,2026-06-01,3.1536920959076427,3.1694414709653613,3.1379427208499235,2.962463761654806,3.3388313003395713
Las Palmas de Gran Canaria,2026-07-01,3.24352436560633,3.261898636507002,3.2251500947056586,3.0354796934689494,3.469066289526315
Las Palmas de Gran Canaria,2026-08-01,3.2627960925226622,3.2837952592662876,3.2417969257790373,3.0317665587512215,3.4979180359562103
Las Palmas de Gran Canaria,2026-09-01,3.25483926566628,3.2784633282528586,3.2312152030797012,3.0056601866841612,3.5040404636670943
Las Palmas de Gran Canaria,2026-10-01,3.3096069786359315,3.335855937065463,3.2833580202064,3.0366622025036523,3.578248464919106
Las Palmas de Gran Canaria,2026-11-01,3.341204993849038,3.3700788481215223,3.3123311395765533,3.05773256433825,3.633929762568811
Las Palmas de Gran Canaria,2026-12-01,3.3856570301328754,3.4171557802483123,3.3541582800174377,3.071611739101533,3.6959745181907495
Los Llanos de Aridane,2026-01-01,-0.2815347771466525,-0.2767236657967532,-0.2863458884965519,-0.3166533458926284,-0.24661878816529992
Los Llanos de Aridane,2026-02-01,-0.27195458081873963,-0.26233235811894084,-0.28157680351853825,-0.3217389104608022,-0.22176810660998147
Los Llanos de Aridane,2026-03-01,-0.2103620084503596,-0.19592867440066147,-0.22479534250005764,-0.27920659510143425,-0.1439254231315894
Los Llanos de Aridane,2026-04-01,-0.24383317989744513,-0.22458873449784764,-0.26307762529704254,-0.3185917576004427,-0.16936868833912852
Los Llanos de Aridane,2026-05-01,-0.291582412436756,-0.26752685568725915,-0.3156379691862528,-0.3659201145026588,-0.21557310063804827
Los Llanos de Aridane,2026-06-01,-0.29424272682079944,-0.26537605872140324,-0.3231093949201956,-0.37628360620650725,-0.21346380660046613
Los Llanos de Aridane,2026-07-01,-0.23158745765109634,-0.19790967820180083,-0.26526523710039185,-0.3308026242317175,-0.1318257845298552
Los Llanos de Aridane,2026-08-01,-0.17614333732373622,-0.1376544465245414,-0.21463222812293115,-0.2928761718884421,-0.05862582167308571
Los Llanos de Aridane,2026-09-01,-0.2455895653218543,-0.20228956317276015,-0.2888895674709485,-0.3568548198189406,-0.1328864053237339
Los Llanos de Aridane,2026-10-01,-0.2715978507681651,-0.22348673726917154,-0.3197089642671586,-0.3871765570813278,-0.15927317631962484
Los Llanos de Aridane,2026-11-01,-0.2271946850113244,-0.17427246016243159,-0.28011690986021737,-0.3580310525378564,-0.09603811256799057
Los Llanos de Aridane,2026-12-01,-0.20698096735158267,-0.1492476311527904,-0.2647143035503749,-0.34465803359325586,-0.06725730603875217
Los Realejos,2026-01-01,-0.31142089680806523,-0.3087409766390008,-0.3141008169771296,-0.3351243575253241,-0.2873936097614374
Los Realejos,2026-02-01,-0.2874831453508472,-0.28212330501271843,-0.2928429856889759,-0.324032638029157,-0.25124254502190646
Los Realejos,2026-03-01,-0.27971807505377544,-0.2716783145465823,-0.2877578355609685,-0.32533510105403657,-0.23365585328950084
Los Realejos,2026-04-01,-0.3051329059389903,-0.29441322526273295,-0.31585258661524773,-0.3549057850661143,-0.25435331852579446
Los Realejos,2026-05-01,-0.30240960294032787,-0.289010002095006,-0.31580920378564964,-0.3586589216231684,-0.24843795728855197
Los Realejos,2026-06-01,-0.31862410213443515,-0.3025445811200489,-0.3347036231488213,-0.3761858243617747,-0.2634845679614778
Los Realejos,2026-07-01,-0.29673297026841317,-0.2779735290849627,-0.31549241145186385,-0.3632216698116953,-0.23217520755908097
Los Realejos,2026-08-01,-0.251115907954987,-0.22967654660247214,-0.2725552693075019,-0.33038996534029597,-0.17128302840016102
Los Realejos,2026-09-01,-0.2717724158789909,-0.2476531343574117,-0.29589169740057025,-0.3536374599908465,-0.19115943404577337
Los Realejos,2026-10-01,-0.2974988127192496,-0.27069961102860596,-0.3242980144098933,-0.37833860127966695,-0.21806074512283896
Los Realejos,2026-11-01,-0.30855825847403817,-0.2790791366143302,-0.3380373803337462,-0.38742372526222263,-0.23070050372054932
Los Realejos,2026-12-01,-0.3085548756254142,-0.2763958335966418,-0.34071391765418657,-0.3906932939907442,-0.2255701995092912
Los Silos,2026-01-01,0.08931077502420662,0.1010263817680282,0.07759516828038515,-0.039934501161427306,0.21541566282361269
Los Silos,2026-02-01,0.17889573999037706,0.20232695347802016,0.15546452650273396,-0.02016183228888866,0.378623235187623
Los Silos,2026-03-01,0.22054684727885712,0.2556936675103217,0.18540002704739234,-0.022998413525567883,0.4696434901917755
Los Silos,2026-04-01,0.1399102200870103,0.18677264706229654,0.09304779311172406,-0.12807092969418027,0.4053950949999637
Los Silos,2026-05-01,0.12491705604375561,0.18349508976286358,0.06633902232464792,-0.16144103257526468,0.43697539475123154
Los Silos,2026-06-01,0.0056926263405179195,0.07598626680344739,-0.06460101412241137,-0.27554674341783475,0.2870811187846522
Los Silos,2026-07-01,0.0823282314041662,0.16433747861091702,0.00031898419741518367,-0.24223861815722542,0.4087027089456646
Los Silos,2026-08-01,0.33242818884620345,0.42615304279677596,0.23870333489563103,-0.11475025390601984,0.7933453476570829
Los Silos,2026-09-01,0.21839404568923723,0.3238345063836313,0.11295358499484331,-0.20065118945373436,0.64973107262322
Los Silos,2026-10-01,0.19293748383422138,0.31009355127243726,0.07578141639600564,-0.24550593958151193,0.636289829162017
Los Silos,2026-11-01,0.0794344264297166,0.20830610061175378,-0.04943724775232076,-0.3360672630507445,0.4721332271437892
Los Silos,2026-12-01,0.019078609217361923,0.15966589014322077,-0.12150867170849694,-0.38470401924551123,0.40459364087981586
Mogán,2026-01-01,2.7501107983079187,2.7742084738418638,2.7260131227739746,2.2865216357663325,3.2143139319332565
Mogán,2026-02-01,2.574632887111888,2.6228282381797787,2.526437536043999,1.9639624457334464,3.1826814196394215
Mogán,2026-03-01,2.674190589874769,2.7464836164766044,2.601897563272934,1.8907031703654438,3.4498282811566168
Mogán,2026-04-01,2.4070187735519917,2.503409475687772,2.3106280714162124,1.5941455949809689,3.2106217472883096
Mogán,2026-05-01,2.161123427830712,2.281611805500437,2.0406350501609873,1.3319151571067802,2.9808865597840564
Mogán,2026-06-01,2.249686219014044,2.3942722722177137,2.1051001658103745,1.3039046593881447,3.196713717380259
Mogán,2026-07-01,2.7898912615874805,2.9585749903250953,2.6212075328498656,1.4970001669852646,4.039447865324647
Mogán,2026-08-01,2.96207346955896,3.1548548738305198,2.7692920652874005,1.5810003313340781,4.3338578221307955
Mogán,2026-09-01,2.4302476611181287,2.6471267409236328,2.2133685813126247,1.222255381421426,3.633316143393295
Mogán,2026-10-01,2.871281675513113,3.1122584308525627,2.630304920173664,1.4156064823611807,4.370398874868133
Mogán,2026-11-01,2.9338225671730034,3.198896998046398,2.6687481362996097,1.313655396471345,4.502316796564533
Mogán,2026-12-01,3.089503014574443,3.378675120981782,2.8003309081671035,1.3685063206402623,4.844618125243411
Moya,2026-01-01,-0.4553329705038109,-0.45329323833803065,-0.4573727026695911,-0.4958241604874694,-0.41643639976031704
Moya,2026-02-01,-0.48158522999204184,-0.4775057656604814,-0.48566469432360226,-0.532303059344523,-0.43054316942109583
Moya,2026-03-01,-0.46434723117972665,-0.458228034682386,-0.4704664276770673,-0.5302581732098243,-0.39604691660471475
Moya,2026-04-01,-0.4784901886552824,-0.47033125999216147,-0.4866491173184032,-0.5496173086311325,-0.41129122640367904
Moya,2026-05-01,-0.5065522387876643,-0.49635357795876317,-0.5167508996165654,-0.5787709863634215,-0.43579890671255794
Moya,2026-06-01,-0.5524727465496263,-0.5402343535549451,-0.5647111395443077,-0.6268422272632221,-0.47786373537520427
Moya,2026-07-01,-0.5186326855248395,-0.504354560364378,-0.532910810685301,-0.6086171924552637,-0.4338552030825166
Moya,2026-08-01,-0.5405004757278301,-0.5241826184015883,-0.5568183330540718,-0.6249376239274962,-0.4547423337306503
Moya,2026-09-01,-0.4825169393894699,-0.46415934989744795,-0.5008745288814919,-0.5878139461522911,-0.37543055905690753
Moya,2026-10-01,-0.49590597691036525,-0.4755086552525631,-0.5163032985681675,-0.6059529320776093,-0.37952724448650277
Moya,2026-11-01,-0.4368031761947969,-0.4143661223712145,-0.4592402300183794,-0.5749822871361482,-0.29716327779034096
Moya,2026-12-01,-0.46291465438540397,-0.4384378683960414,-0.48739144037476656,-0.5977830740491534,-0.3279705788705
Puerto de la Cruz,2026-01-01,6.806905688352261,6.8503548695156695,6.7634565071888515,6.31816896480693,7.312945071011145
Puerto de la Cruz,2026-02-01,7.004154159166812,7.091052521493631,6.917255796839994,6.286207818195866,7.730650480532638
Puerto de la Cruz,2026-03-01,7.5524244742991975,7.682772017789428,7.422076930808972,6.6487174915149225,8.50289807799148
Puerto de la Cruz,2026-04-01,7.449099880088538,7.622896604742175,7.275303155434901,6.379156253148439,8.532792460731523
Puerto de la Cruz,2026-05-01,7.427007802460656,7.644253708277701,7.209761896643607,6.176760702309959,8.634882877043673
Puerto de la Cruz,2026-06-01,7.672789745703787,7.933484832684242,7.41209465872333,6.315379010712068,9.00780625429615
Puerto de la Cruz,2026-07-01,8.549857762015858,8.854002030159723,8.245713493871994,6.887496863460666,10.174129567045647
Puerto de la Cruz,2026-08-01,8.950958929321763,9.298552378629036,8.603365480014487,7.156393123083637,10.741267605775205
Puerto de la Cruz,2026-09-01,8.26039795066534,8.651440581136024,7.869355320194656,6.503465446245395,10.043231900323889
Puerto de la Cruz,2026-10-01,8.269549632580924,8.704041444215017,7.835057820946829,6.414620386325174,10.167272278672169
Puerto de la Cruz,2026-11-01,8.032073380197403,8.510014372994906,7.5541323873999,6.136888877531274,9.961440174086745
Puerto de la Cruz,2026-12-01,7.981881363079052,8.503271537039963,7.46049118911814,5.927133759212129,9.967417456282774
Puerto del Rosario,2026-01-01,-0.538714532978982,-0.5382320864773954,-0.5391969794805686,-0.5449383920438788,-0.5326489773509014
Puerto del Rosario,2026-02-01,-0.5386594547210962,-0.5376945617179228,-0.5396243477242696,-0.5469607176072381,-0.5300162652248409
Puerto del Rosario,2026-03-01,-0.5339178865235997,-0.5324705470188398,-0.5353652260283599,-0.5446767954587984,-0.5235609823718188
Puerto del Rosario,2026-04-01,-0.538156115889748,-0.5362263298834012,-0.5400859018960948,-0.5497145065301481,-0.5262812678294404
Puerto del Rosario,2026-05-01,-0.5405114964013416,-0.5380992638934082,-0.542923728909275,-0.5534717320625595,-0.5274145082631911
Puerto del Rosario,2026-06-01,-0.5388612039086124,-0.5359665248990924,-0.5417558829181325,-0.5537058135218698,-0.5244450056527988
Puerto del Rosario,2026-07-01,-0.5351748686943514,-0.5317977431832445,-0.5385519942054583,-0.5508042752260589,-0.5191348277391917
Puerto del Rosario,2026-08-01,-0.5347447991929646,-0.5308852271802711,-0.538604371205658,-0.5518664791366353,-0.5177742237938493
Puerto del Rosario,2026-09-01,-0.5364727773012116,-0.5321307587869314,-0.5408147958154917,-0.5542443416626587,-0.5186725412333514
Puerto del Rosario,2026-10-01,-0.534049806625865,-0.5292253416099981,-0.5388742716417317,-0.5524419937300248,-0.5155793541009849
Puerto del Rosario,2026-11-01,-0.5354781101688507,-0.5301711986513971,-0.5407850216863043,-0.5553944497156215,-0.5160115182806763
Puerto del Rosario,2026-12-01,-0.5328868943493855,-0.5270975363303453,-0.5386762523684258,-0.5538805912924128,-0.5127377794491529
Puntagorda,2026-01-01,-0.7268538619686377,-0.7256124022605258,-0.7280953216767493,-0.7472045711220359,-0.7071511127254579
Puntagorda,2026-02-01,-0.7524185387010626,-0.7499356192848391,-0.754901458117286,-0.7782761083588425,-0.7268325852262659
Puntagorda,2026-03-01,-0.7100102710309065,-0.7062858919065711,-0.7137346501552417,-0.7464475125337128,-0.6728523599998393
Puntagorda,2026-04-01,-0.7326692415084145,-0.7277034026759676,-0.7376350803408617,-0.7675421429940102,-0.6980489754240032
Puntagorda,2026-05-01,-0.7536401554472597,-0.7474328569067009,-0.7598474539878186,-0.7890576764551596,-0.7185438559248613
Puntagorda,2026-06-01,-0.7869914336471728,-0.7795426753985021,-0.7944401918958434,-0.8188901741379508,-0.7565690425457879
Puntagorda,2026-07-01,-0.7399108381237199,-0.7312206201669377,-0.7486010560805023,-0.7898947976084523,-0.690831324859634
Puntagorda,2026-08-01,-0.7156070712048695,-0.7056753935399754,-0.7255387488697637,-0.7776190182756232,-0.657369006431238
Puntagorda,2026-09-01,-0.7490422230953112,-0.7378690857223054,-0.7602153604683172,-0.800645665565158,-0.7001440018523807
Puntagorda,2026-10-01,-0.738306497474313,-0.7258919003931953,-0.7507210945554307,-0.7964974113308767,-0.6808735085943146
Puntagorda,2026-11-01,-0.7007135530976648,-0.6870574963084355,-0.7143696098868945,-0.7832735275517387,-0.6227958116437602
Puntagorda,2026-12-01,-0.7262873011244975,-0.7113897846271561,-0.7411848176218387,-0.7944181207995762,-0.6517919424641939
Puntallana,2026-01-01,-0.8191510320600424,-0.8181810661398582,-0.8201209979802265,-0.830691328113487,-0.8071785707558516
Puntallana,2026-02-01,-0.8127605694009171,-0.8108206375605489,-0.8147005012412855,-0.8300917091069369,-0.795845534131499
Puntallana,2026-03-01,-0.8110533282479955,-0.8081434304874432,-0.813963226008548,-0.8322819554710155,-0.7900574141986518
Puntallana,2026-04-01,-0.8336983814365296,-0.8298185177557931,-0.8375782451172662,-0.8519025204045984,-0.8157029327086904
Puntallana,2026-05-01,-0.8402713218824754,-0.8354214922815548,-0.8451211514833962,-0.858665154291289,-0.821401922185169
Puntallana,2026-06-01,-0.8650688009765216,-0.8592490054554168,-0.8708885964976266,-0.8800313751159122,-0.8507189568496011
Puntallana,2026-07-01,-0.8121077425652458,-0.8053179811239566,-0.8188975040065346,-0.8426176618841832,-0.7815893916950187
Puntallana,2026-08-01,-0.7979173974516508,-0.7901576700901776,-0.8056771248131239,-0.8368856058425218,-0.7591178038679203
Puntallana,2026-09-01,-0.8186838964225479,-0.8099542031408907,-0.8274135897042053,-0.8479080794724265,-0.7890218028590487
Puntallana,2026-10-01,-0.8216078058504805,-0.8119081466486391,-0.8313074650523219,-0.8541289946215046,-0.7889757456452641
Puntallana,2026-11-01,-0.7958744001027714,-0.7852047749807458,-0.8065440252247972,-0.843451802481984,-0.7483849154098849
Puntallana,2026-12-01,-0.8158206029274794,-0.8041810118852698,-0.8274601939696892,-0.8557772066341965,-0.7760220426931512
Pájara,2026-01-01,2.000627033723174,2.0266475591825586,1.9746065082637891,1.5836364133395262,2.4121770196439556
Pájara,2026-02-01,2.03170951935275,2.08375057027152,1.9796684684339803,1.454629703325643,2.6157375664713296
Pájara,2026-03-01,2.302143812651017,2.380205389029173,2.2240822362728623,1.5313049720855372,3.0867162160481403
Pájara,2026-04-01,1.9429194562354346,2.047001558072975,1.8388373543978946,1.1214680938673143,2.7386675546503367
Pájara,2026-05-01,1.615310489624486,1.7454131169214113,1.4852078623275604,0.8184001324315251,2.3960471195619704
Pájara,2026-06-01,1.8360036058395992,1.9921267585959093,1.6798804530832887,0.9162288967428772,2.765954876357283
Pájara,2026-07-01,2.511752821873543,2.693896500089238,2.3296091436578474,1.248451904416046,3.808237915841851
Pájara,2026-08-01,2.7079875189120757,2.9161517225871565,2.4998233152369953,1.2357198943289192,4.155383120886359
Pájara,2026-09-01,2.2367328127972645,2.4709175419317306,2.0025480836627993,0.9266547971494526,3.5261848236431463
Pájara,2026-10-01,2.3254680484338035,2.5856733030276535,2.065262793839952,0.9011820694837972,3.7494619996901535
Pájara,2026-11-01,2.286931096206069,2.5731568762593047,2.0007053161528336,0.7423659350695813,3.72380605947922
Pájara,2026-12-01,2.2652127394801043,2.577459044992725,1.9529664339674837,0.682062347112861,3.844758813101157
San Andrés y Sauces,2026-01-01,-0.8695530775464724,-0.869002161229416,-0.8701039938635287,-0.8757182410627194,-0.8634154078763263
San Andrés y Sauces,2026-02-01,-0.8676240222488268,-0.8665221896147141,-0.8687258548829397,-0.8765564816832864,-0.8586381259866731
San Andrés y Sauces,2026-03-01,-0.8634123022340924,-0.8617595532829232,-0.8650650511852617,-0.8749541438613634,-0.8521375386367639
San Andrés y Sauces,2026-04-01,-0.883563382776209,-0.8813597175079835,-0.8857670480444346,-0.8921600281589245,-0.8748429498213066
San Andrés y Sauces,2026-05-01,-0.8888941822131827,-0.8861396006279008,-0.8916487637984649,-0.8975549933798986,-0.880021806565046
San Andrés y Sauces,2026-06-01,-0.8931241568274787,-0.8898186589251402,-0.8964296547298168,-0.9005446731139747,-0.8860507370258253
San Andrés y Sauces,2026-07-01,-0.8657301332233129,-0.8618737190039181,-0.8695865474427077,-0.8817441514602856,-0.8499334027895186
San Andrés y Sauces,2026-08-01,-0.8617723085651395,-0.8573649780286884,-0.8661796391015907,-0.881434616993355,-0.8423119308190318
San Andrés y Sauces,2026-09-01,-0.8733136593840914,-0.8683554125305839,-0.8782719062375991,-0.8882443943130648,-0.8583444976686386
San Andrés y Sauces,2026-10-01,-0.8782503801200309,-0.8727412169494672,-0.883759543290595,-0.8939816487602891,-0.8619822609056411
San Andrés y Sauces,2026-11-01,-0.8635658899571617,-0.8575058104695414,-0.8696259694447822,-0.887146724865714,-0.8403095752408889
San Andrés y Sauces,2026-12-01,-0.8720031597166767,-0.8653921639119999,-0.8786141555213535,-0.8917626866147075,-0.8532491159401712
San Bartolomé,2026-01-01,-0.47096030466737987,-0.46978023677295666,-0.4721403725618032,-0.4940995424685944,-0.4475987289872213
San Bartolomé,2026-02-01,-0.5161428088860518,-0.5137826730972053,-0.5185029446748982,-0.5444334611603094,-0.487284062711055
San Bartolomé,2026-03-01,-0.48417770221257184,-0.4806374985293022,-0.4877179058958416,-0.5225875327709221,-0.44433517257096206
San Bartolomé,2026-04-01,-0.4528140853779116,-0.44809381380021857,-0.4575343569556045,-0.5027740946378286,-0.40520449586652224
San Bartolomé,2026-05-01,-0.47066341341270984,-0.4647630739405936,-0.476563752884826,-0.5238040492476594,-0.4183982991630889
San Bartolomé,2026-06-01,-0.4721069623847517,-0.4650265550182123,-0.47918736975129117,-0.5305579815370739,-0.4137919360523152
San Bartolomé,2026-07-01,-0.4346807647587931,-0.4264202894978304,-0.4429412400197558,-0.5039523167516111,-0.36543586879288864
San Bartolomé,2026-08-01,-0.4339693141055027,-0.42452877095011676,-0.4434098572608886,-0.5056268897716385,-0.35960585790444427
San Bartolomé,2026-09-01,-0.43728891228086314,-0.42666830123105387,-0.4479095233306723,-0.5154646422137527,-0.3581887588096326
San Bartolomé,2026-10-01,-0.44334409441557715,-0.4315434154713448,-0.4551447733598096,-0.5230161466026843,-0.3658604943260872
San Bartolomé,2026-11-01,-0.4626892052376225,-0.4497084583989669,-0.47566995207627816,-0.5429428843593489,-0.3823433998776159
San Bartolomé,2026-12-01,-0.4432051949087554,-0.42904438017567653,-0.45736600964183427,-0.5286561847140877,-0.3555310257925248
San Bartolomé de Tirajana,2026-01-01,2.6910355567653905,2.7139538179959692,2.6681172955348122,2.3215214965588444,3.054708446650349
San Bartolomé de Tirajana,2026-02-01,2.58861361090451,2.634450133365667,2.542777088443353,2.0919811792927137,3.070422322050654
San Bartolomé de Tirajana,2026-03-01,2.7316742203118096,2.800429004003545,2.6629194366200735,2.099949478851672,3.36750774329456
San Bartolomé de Tirajana,2026-04-01,2.472601692578097,2.564274737500411,2.3809286476557827,1.8254595424102882,3.115808089372352
San Bartolomé de Tirajana,2026-05-01,2.331775501725148,2.4463668078780403,2.2171841955722553,1.6511485364215428,3.0351570739122327
San Bartolomé de Tirajana,2026-06-01,2.4209044078736173,2.5584139752570882,2.2833948404901463,1.648032211634433,3.205160827452289
San Bartolomé de Tirajana,2026-07-01,2.861753293573074,3.0221811221871238,2.701325464959024,1.7956134836397128,3.855863524321968
San Bartolomé de Tirajana,2026-08-01,3.2068986658713663,3.3902447557159943,3.023552576026738,1.935468032685971,4.419748598000536
San Bartolomé de Tirajana,2026-09-01,2.7303604473572016,2.9366247984324083,2.524096096281995,1.6678772549868153,3.8158168041088825
San Bartolomé de Tirajana,2026-10-01,2.9546524183671132,3.183835030672898,2.725469806061328,1.7196793167944786,4.172032291381503
San Bartolomé de Tirajana,2026-11-01,2.875342714714692,3.1274435882510563,2.623241841178328,1.5896803967473614,4.181919071969575
San Bartolomé de Tirajana,2026-12-01,2.958228099103144,3.2332472338700864,2.6832089643362016,1.6308485886635256,4.3040741066722115
San Cristóbal de La Laguna,2026-01-01,0.5849435331329423,0.5865785736918616,0.583308492574023,0.5611967187539024,0.6074325419957861
San Cristóbal de La Laguna,2026-02-01,0.5823722431227205,0.5856423242405594,0.5791021620048817,0.550897630592819,0.6151780995601352
San Cristóbal de La Laguna,2026-03-01,0.596790359887622,0.6016954815643805,0.5918852382108637,0.5548959582490873,0.6368131170094644
San Cristóbal de La Laguna,2026-04-01,0.5904576433820846,0.5969978056177622,0.5839174811464067,0.5432969972295738,0.6383291085579589
San Cristóbal de La Laguna,2026-05-01,0.5802201575470832,0.5883953603416804,0.5720449547524863,0.5297149835882549,0.6299304583844545
San Cristóbal de La Laguna,2026-06-01,0.5703746031399567,0.580184846493473,0.5605643597864399,0.513141111955294,0.6251711111024937
San Cristóbal de La Laguna,2026-07-01,0.569744021886131,0.5811893057985668,0.5582987379736953,0.5098960634904295,0.629894636076198
San Cristóbal de La Laguna,2026-08-01,0.5740205228210832,0.5871008472924385,0.5609401983497279,0.5116424261608097,0.6394678863085977
San Cristóbal de La Laguna,2026-09-01,0.5858084362576007,0.6005238012878753,0.5710930712273258,0.5166255150071447,0.6547065719296962
San Cristóbal de La Laguna,2026-10-01,0.5814437422290226,0.5977941478182167,0.5650933366398284,0.5077927706745159,0.6508880265018693
San Cristóbal de La Laguna,2026-11-01,0.5687554407462335,0.586740886894347,0.5507699945981198,0.49344373234934186,0.6421859056470726
San Cristóbal de La Laguna,2026-12-01,0.5749948563362778,0.5946153430433104,0.5553743696292446,0.49974174739110155,0.6524830553063241
San Juan de la Rambla,2026-01-01,0.01692629271976897,0.027565639040075994,0.006286946399462001,-0.10040778941861232,0.1358227139643638
San Juan de la Rambla,2026-02-01,0.1387398782648331,0.16001857090544724,0.11746118562421898,-0.046467620902376924,0.33081492421315684
San Juan de la Rambla,2026-03-01,0.17044599544538308,0.20236403440630396,0.13852795648446198,-0.06546788807831593,0.41229123627245107
San Juan de la Rambla,2026-04-01,0.06887363715153907,0.1114310224327672,0.026316251870310885,-0.18062328959310534,0.3184364299226019
San Juan de la Rambla,2026-05-01,0.06611877954822051,0.11931551114975569,0.012922047946685439,-0.21647758770541664,0.342844264774857
San Juan de la Rambla,2026-06-01,-0.04075397595027914,0.023082101971562984,-0.10459005387212139,-0.3027214297978156,0.21964673923514744
San Juan de la Rambla,2026-07-01,0.04785629425447185,0.12233171849662108,-0.026619129987677383,-0.26189538634387516,0.3652924964702522
San Juan de la Rambla,2026-08-01,0.2850237940749562,0.3701385646374123,0.19990902351249973,-0.13658812733979842,0.7226720919574053
San Juan de la Rambla,2026-09-01,0.15186773649757518,0.24762185338033854,0.05611361961481184,-0.2469931907515603,0.5466118393417576
San Juan de la Rambla,2026-10-01,0.10766850712971507,0.2140619703327854,0.001275043926644675,-0.3038716687085425,0.5097135295200425
San Juan de la Rambla,2026-11-01,0.003339684888534083,0.12037249441191153,-0.11369312463484321,-0.3790284585700284,0.39090832544254206
San Juan de la Rambla,2026-12-01,-0.07356432378372418,0.054107832059960136,-0.20123647962740865,-0.42917229490565995,0.2919957618983225
San Miguel de Abona,2026-01-01,0.7482454391207013,0.756485534239846,0.7400053440015566,0.6448498745610447,0.8513807542199208
San Miguel de Abona,2026-02-01,0.710444168443923,0.7269243586822123,0.6939639782056336,0.5676099202168455,0.8536932630328075
San Miguel de Abona,2026-03-01,0.7347839616309921,0.7595042469884261,0.710063676273558,0.5594803369889422,0.9113249689431285
San Miguel de Abona,2026-04-01,0.8730045461264466,0.9059649266030254,0.8400441656498681,0.6484562850378809,1.0964193091874972
San Miguel de Abona,2026-05-01,0.788148835528664,0.8293493111243873,0.7469483599329406,0.554320943727587,1.020103909555137
San Miguel de Abona,2026-06-01,0.7762192514671501,0.8256598221820183,0.7267786807522817,0.5228487064212046,1.0270297338877012
San Miguel de Abona,2026-07-01,0.8785504062188039,0.9362310720528165,0.820869740384791,0.5797347742271137,1.1752349458119242
San Miguel de Abona,2026-08-01,0.9357691736527923,1.0016899346059502,0.8698484126996348,0.5944612914839882,1.2602460426023117
San Miguel de Abona,2026-09-01,0.829502110671237,0.9036629667435392,0.7553412545989349,0.49632270232877085,1.1503861555458974
San Miguel de Abona,2026-10-01,0.8250262500183819,0.9074272012098289,0.7426252988269351,0.4800669991578849,1.1826266543380053
San Miguel de Abona,2026-11-01,0.7370596017255346,0.8277006480361266,0.6464185554149431,0.40016345499745426,1.0671792500638442
San Miguel de Abona,2026-12-01,0.8774624585748521,0.9763436000045883,0.7785813171451158,0.48631925938239584,1.251132312158758
San Sebastián de La Gomera,2026-01-01,-0.5626434823641677,-0.559093333334543,-0.5661936313937923,-0.6068259941521763,-0.5191525330883315
San Sebastián de La Gomera,2026-02-01,-0.5849402632944184,-0.5778399652351691,-0.5920405613536678,-0.6423155394170796,-0.5285355376298013
San Sebastián de La Gomera,2026-03-01,-0.5859964865043878,-0.5753460394155139,-0.5966469335932617,-0.6569921973133253,-0.5172577214273976
San Sebastián de La Gomera,2026-04-01,-0.6541009503175452,-0.6399003541990466,-0.6683015464360438,-0.7152936080958899,-0.5964652497053251
San Sebastián de La Gomera,2026-05-01,-0.660074338515759,-0.6423235933676358,-0.6778250836638822,-0.7261807991717416,-0.5933291353408431
San Sebastián de La Gomera,2026-06-01,-0.6899185276936131,-0.6686176335158651,-0.7112194218713608,-0.7508309771497573,-0.6295349043163073
San Sebastián de La Gomera,2026-07-01,-0.6377615678890537,-0.6129105246816812,-0.6626126110964261,-0.7235482406843059,-0.5507107108866566
San Sebastián de La Gomera,2026-08-01,-0.6133679134459961,-0.5849667212089991,-0.6417691056829933,-0.715438080844011,-0.5110522976338634
San Sebastián de La Gomera,2026-09-01,-0.6459180665815872,-0.6139667253149655,-0.6778694078482091,-0.7389284579616523,-0.5552454919486183
San Sebastián de La Gomera,2026-10-01,-0.6255290255535108,-0.5900275352572643,-0.6610305158497572,-0.7317345706969743,-0.5182185771471066
San Sebastián de La Gomera,2026-11-01,-0.5767840448287499,-0.5377324055028788,-0.615835684154621,-0.7179185193983803,-0.43849332064919294
San Sebastián de La Gomera,2026-12-01,-0.6124768699999844,-0.5698750816444885,-0.6550786583554801,-0.7403144871400938,-0.48716983995357943
Santa Brígida,2026-01-01,-0.40599198399267283,-0.4038201785617966,-0.4081637894235489,-0.43430529379957783,-0.3788193636714628
Santa Brígida,2026-02-01,-0.4111758735995932,-0.4068322627378406,-0.4155194844613455,-0.45016218460379276,-0.37403355449778847
Santa Brígida,2026-03-01,-0.4200814496003981,-0.4135660333077695,-0.42659686589302676,-0.46727058246151476,-0.3738041885740972
Santa Brígida,2026-04-01,-0.42771005321929706,-0.41902283149579234,-0.4363972749428019,-0.4790819769552525,-0.37560761978152446
Santa Brígida,2026-05-01,-0.4441664452252856,-0.43330741807090456,-0.45502547237966656,-0.4992273847763679,-0.3880736298244703
Santa Brígida,2026-06-01,-0.4757974706238186,-0.46276663803856144,-0.48882830320907583,-0.5317974208987614,-0.42157125012678975
Santa Brígida,2026-07-01,-0.4763954961391612,-0.4611928581230278,-0.4915981341552945,-0.5364236894700061,-0.4169886503404661
Santa Brígida,2026-08-01,-0.48106008954338836,-0.46368564609637875,-0.4984345329903979,-0.5463154136394324,-0.41954782469838053
Santa Brígida,2026-09-01,-0.45847264680330674,-0.43892639792542093,-0.47801889568119255,-0.5288989472445584,-0.38528412141735213
Santa Brígida,2026-10-01,-0.45686882063427664,-0.43515076632551464,-0.4785868749430386,-0.5353453871606497,-0.3795590362403789
Santa Brígida,2026-11-01,-0.4267989564760243,-0.40290909673638614,-0.45068881621566254,-0.5171351733073836,-0.33815457528506887
Santa Brígida,2026-12-01,-0.440762368653458,-0.41470070348294347,-0.4668240338239723,-0.5290071847631108,-0.35468279288832666
Santa Cruz de La Palma,2026-01-01,-0.6581256038279575,-0.6573815881421957,-0.6588696195137191,-0.6705942730846168,-0.6461023479475476
Santa Cruz de La Palma,2026-02-01,-0.6307002639599557,-0.6292122325884325,-0.6321882953314791,-0.6513009673243064,-0.6110584395299925
Santa Cruz de La Palma,2026-03-01,-0.6102568518368826,-0.6080248047795976,-0.6124888988941674,-0.6358440071963085,-0.5832724868254133
Santa Cruz de La Palma,2026-04-01,-0.6154316157895537,-0.6124555530465071,-0.6184076785326003,-0.6451260268498984,-0.5850459103738401
Santa Cruz de La Palma,2026-05-01,-0.624976138733729,-0.621256060304921,-0.6286962171625373,-0.6578185756281761,-0.5923005017537286
Santa Cruz de La Palma,2026-06-01,-0.6275944303274715,-0.6231303362129018,-0.6320585244420414,-0.6629365882235124,-0.5919994885454005
Santa Cruz de La Palma,2026-07-01,-0.632206611515261,-0.6269985017149297,-0.6374147213155924,-0.6698317701131598,-0.593580793416796
Santa Cruz de La Palma,2026-08-01,-0.6200231773323793,-0.6140710518462865,-0.6259753028184725,-0.6617157476077434,-0.5789287248445315
Santa Cruz de La Palma,2026-09-01,-0.6314600673323569,-0.6247639261605025,-0.6381562085042115,-0.6733772563174492,-0.5893822300125785
Santa Cruz de La Palma,2026-10-01,-0.6430940099286495,-0.6356538530710332,-0.6505341667862656,-0.6853262007289314,-0.6012683008572693
Santa Cruz de La Palma,2026-11-01,-0.6333816929603487,-0.625197520416971,-0.6415658655037266,-0.681173935189474,-0.5875288033878541
Santa Cruz de La Palma,2026-12-01,-0.6310538079103913,-0.6221256196812519,-0.6399819961395308,-0.6779783234839861,-0.5820022137269676
Santa Cruz de Tenerife,2026-01-01,1.08474976880168,1.0857012333423135,1.0837983042610464,1.0533962391584988,1.1158806188258437
Santa Cruz de Tenerife,2026-02-01,1.0963222578188876,1.0982251869001545,1.094419328737621,1.0534898816558884,1.1398682401812155
Santa Cruz de Tenerife,2026-03-01,1.1057912915298729,1.1086456851517732,1.1029368979079726,1.0511295996068666,1.1625776880769656
Santa Cruz de Tenerife,2026-04-01,1.0832517118819156,1.087057570044449,1.0794458537193823,1.0204377430093254,1.1441577662819682
Santa Cruz de Tenerife,2026-05-01,1.0691141850731287,1.0738715077762955,1.0643568623699615,1.0021725570702245,1.1383339234035337
Santa Cruz de Tenerife,2026-06-01,1.0654258233584961,1.0711346106022963,1.0597170361146955,0.9919556707371111,1.1375112735845656
Santa Cruz de Tenerife,2026-07-01,1.0917357159974992,1.0983959677819328,1.0850754642130653,1.007861304096652,1.1730689219379833
Santa Cruz de Tenerife,2026-08-01,1.0805923062241363,1.088204022549203,1.072980589899069,0.9952099840125302,1.167830065714634
Santa Cruz de Tenerife,2026-09-01,1.0953244568513694,1.1038876377170699,1.0867612759856689,1.0031602387162908,1.1911278992658392
Santa Cruz de Tenerife,2026-10-01,1.1056704595790012,1.1151851049853352,1.0961558141726677,1.0057407950957102,1.2050031989604983
Santa Cruz de Tenerife,2026-11-01,1.113538880787743,1.1240049907347103,1.1030727708407762,1.0057760135400007,1.219999075763626
Santa Cruz de Tenerife,2026-12-01,1.1148832308459193,1.1263008053335202,1.1034656563583192,1.0013697176868372,1.2244668212119234
Santa Lucía de Tirajana,2026-01-01,-0.09771332752085315,-0.09668966956280622,-0.0987369854789002,-0.11472339934397506,-0.08093694969011772
Santa Lucía de Tirajana,2026-02-01,-0.11113564428576145,-0.10908832836966759,-0.11318296020185542,-0.13417221326458806,-0.08869025353039102
Santa Lucía de Tirajana,2026-03-01,-0.11006767841492698,-0.10699670454078619,-0.11313865228906778,-0.13810342851176144,-0.08188236385071439
Santa Lucía de Tirajana,2026-04-01,-0.11658415002239869,-0.11248951819021119,-0.12067878185458647,-0.1477178758705944,-0.08550266679820012
Santa Lucía de Tirajana,2026-05-01,-0.12740908540162366,-0.122290795611389,-0.13252737519185814,-0.1606001465230539,-0.09279865225548024
Santa Lucía de Tirajana,2026-06-01,-0.14767713020945378,-0.14153518246117225,-0.15381907795773536,-0.1818406602114541,-0.11420615067289863
Santa Lucía de Tirajana,2026-07-01,-0.1442435343108241,-0.13707792860449552,-0.15140914001715255,-0.18026562738166482,-0.10797550826743886
Santa Lucía de Tirajana,2026-08-01,-0.151138048583482,-0.14294878491910668,-0.1593273122478574,-0.18919173274747544,-0.11253395420614477
Santa Lucía de Tirajana,2026-09-01,-0.13433010790182048,-0.12511718627939816,-0.1435430295242428,-0.17834169881645934,-0.09218733479781213
Santa Lucía de Tirajana,2026-10-01,-0.13330849817294022,-0.12307191859247119,-0.14354507775340947,-0.17779355164401953,-0.08697951743771214
Santa Lucía de Tirajana,2026-11-01,-0.1144646432448953,-0.10320440570637929,-0.1257248807834116,-0.16512472189816926,-0.06242856973008739
Santa Lucía de Tirajana,2026-12-01,-0.11716075151800309,-0.10487685602144009,-0.12944464701456615,-0.1696120106400162,-0.06381341910423492
Santa María de Guía de Gran Canaria,2026-01-01,-0.5751266141262505,-0.5737015897122993,-0.5765516385402017,-0.5981583742360902,-0.5529648489055378
Santa María de Guía de Gran Canaria,2026-02-01,-0.5895672997634613,-0.5867172509355589,-0.5924173485913636,-0.6197197364295486,-0.5607583939307123
Santa María de Guía de Gran Canaria,2026-03-01,-0.5882776331904994,-0.5840025599486459,-0.5925527064323529,-0.6239957609535399,-0.5506922058662272
Santa María de Guía de Gran Canaria,2026-04-01,-0.6006483277168623,-0.5949482300610577,-0.6063484253726671,-0.6397943262868614,-0.5608097514802254
Santa María de Guía de Gran Canaria,2026-05-01,-0.6177349848578649,-0.610609862788109,-0.624860106927621,-0.657965841164048,-0.5776427143237628
Santa María de Guía de Gran Canaria,2026-06-01,-0.6421026606094373,-0.6335525141257301,-0.6506528070931445,-0.6832421602392126,-0.6002578068460279
Santa María de Guía de Gran Canaria,2026-07-01,-0.637266196810714,-0.6272910259130557,-0.6472413677083723,-0.6840849850419571,-0.5891423202794402
Santa María de Guía de Gran Canaria,2026-08-01,-0.6375506617436351,-0.6261504664320257,-0.6489508570552446,-0.6864665528025695,-0.5903836196862076
Santa María de Guía de Gran Canaria,2026-09-01,-0.6012358741948645,-0.5884106544693039,-0.6140610939204252,-0.6604387078786108,-0.542310497301217
Santa María de Guía de Gran Canaria,2026-10-01,-0.6007991467037717,-0.58654890256426,-0.6150493908432836,-0.66500851830968,-0.5340501517873412
Santa María de Guía de Gran Canaria,2026-11-01,-0.5707872809797002,-0.5551120124262372,-0.5864625495331632,-0.6506011728408667,-0.4913997887765179
Santa María de Guía de Gran Canaria,2026-12-01,-0.5844999751282504,-0.5673996821608361,-0.6016002680956646,-0.6596530964633924,-0.5094310713690294
Santa Úrsula,2026-01-01,-0.11591304864950054,-0.1096567518956956,-0.12216934540330536,-0.17088062249199448,-0.06165095572303809
Santa Úrsula,2026-02-01,-0.1006887608089039,-0.08817616730129417,-0.11320135431651368,-0.17920485280690374,-0.023334564216873594
Santa Úrsula,2026-03-01,-0.08143140691433622,-0.0626625166529216,-0.10020029717575075,-0.18244401275815464,0.018524838732522027
Santa Úrsula,2026-04-01,-0.08110700166613634,-0.056081814650916946,-0.10613218868135585,-0.19681178376655073,0.029636094668202394
Santa Úrsula,2026-05-01,-0.10096275678254725,-0.06968127301352293,-0.13224424055157152,-0.22047845912541839,0.02174199855520242
Santa Úrsula,2026-06-01,-0.15361611981995144,-0.11607833929712223,-0.19115390034278068,-0.2754161077681461,-0.035821604531306936
Santa Úrsula,2026-07-01,-0.1105527550508347,-0.06675867777420068,-0.1543468323274688,-0.2484311506942381,0.026551892964461775
Santa Úrsula,2026-08-01,0.00788946186678432,0.057939835897223256,-0.04216091216365463,-0.1802870573774626,0.1857795461841442
Santa Úrsula,2026-09-01,-0.05355539516138811,0.0027512756228557167,-0.10986206594563185,-0.2271946964557957,0.1185272276114473
Santa Úrsula,2026-10-01,-0.0847837033275595,-0.02222073578951076,-0.14734667086560818,-0.26218594251392907,0.09280960556188986
Santa Úrsula,2026-11-01,-0.1698869581364367,-0.10106769384458313,-0.23870622242829026,-0.33697463071895334,-0.0066494878793600986
Santa Úrsula,2026-12-01,-0.2016763650288654,-0.12660080398320703,-0.27675192607452387,-0.3720784724357966,-0.04003883109023774
Santiago del Teide,2026-01-01,1.0868289298730798,1.101756178133001,1.071901681613159,0.8993252438160059,1.2692547469946027
Santiago del Teide,2026-02-01,1.0407589271519628,1.070613423671805,1.010904430632121,0.7824427924136237,1.2948016043428385
Santiago del Teide,2026-03-01,1.1067006112706392,1.1514823560504022,1.0619188664908763,0.784323268889441,1.4277501464284932
Santiago del Teide,2026-04-01,1.11008153772671,1.1697905307663936,1.0503725446870262,0.7496416994637761,1.468190441297282
Santiago del Teide,2026-05-01,0.9521693241416324,1.0268055654412371,0.8775330828420279,0.5912238604871928,1.3208864013633694
Santiago del Teide,2026-06-01,1.0440677231808264,1.133631212740352,0.9545042336213008,0.6058406064387535,1.471718898549002
Santiago del Teide,2026-07-01,1.3000027090972683,1.404493446916715,1.1955119712778222,0.7397205132347296,1.8525610032160904
Santiago del Teide,2026-08-01,1.3361421670607185,1.4555601531400857,1.2167241809813512,0.748739868851681,1.9374121222613145
Santiago del Teide,2026-09-01,1.2125568801050386,1.3469021144443272,1.0782116457657507,0.6297575408709666,1.8016855851596587
Santiago del Teide,2026-10-01,1.3403907256147687,1.4896632082139778,1.1911182430155594,0.6707637115855116,2.040682429403094
Santiago del Teide,2026-11-01,1.254216084881554,1.418415815740684,1.0900163540224237,0.5943447197712534,1.9192308319323927
Santiago del Teide,2026-12-01,1.2933456577787148,1.4724726368977659,1.1142186786596637,0.5680306123750068,1.9949240516353712
Tacoronte,2026-01-01,-0.07504032224013472,-0.07127800786120495,-0.07880263661906452,-0.12050833085755927,-0.02827162019159267
Tacoronte,2026-02-01,-0.046333225456651785,-0.03880859669879218,-0.05385785421451136,-0.11432783353855003,0.02020785375660752
Tacoronte,2026-03-01,-0.058231226815901406,-0.046944283679112096,-0.06951816995269072,-0.14065421693349067,0.027449839660527612
Tacoronte,2026-04-01,-0.06563255371093922,-0.050583296195220194,-0.08068181122665848,-0.15928798225699067,0.028057726252373794
Tacoronte,2026-05-01,-0.0804638444553259,-0.061652272560676985,-0.09927541634997494,-0.1820990186594878,0.022180214583598208
Tacoronte,2026-06-01,-0.11976699908540277,-0.097193112811824,-0.1423408853589815,-0.22515713754986755,-0.01633645846265501
Tacoronte,2026-07-01,-0.09853058586230529,-0.07219438520979678,-0.12486678651481374,-0.22028895098113283,0.024329192731232296
Tacoronte,2026-08-01,-0.03262612573406573,-0.0025276107026274324,-0.06272464076550407,-0.17692785498809369,0.11117627878048549
Tacoronte,2026-09-01,-0.03145191619129089,0.002408913219077221,-0.06531274560165899,-0.17735059743984988,0.1163272354981872
Tacoronte,2026-10-01,-0.06402430403685345,-0.026401160247555514,-0.10164744782615136,-0.22099813281088784,0.0818507910892284
Tacoronte,2026-11-01,-0.10228466273947773,-0.060899204571250025,-0.1436701209077054,-0.2518452979976294,0.044631403506277235
Tacoronte,2026-12-01,-0.10436893198006361,-0.05922115943290618,-0.1495167045272211,-0.25107534832557243,0.050671699314290504
Tazacorte,2026-01-01,-0.4042442275271622,-0.40111791078315684,-0.40737054427116776,-0.44086300977344217,-0.3683444563198655
Tazacorte,2026-02-01,-0.4123495860534268,-0.40609695256541595,-0.4186022195414379,-0.461005554781321,-0.3633244761739472
Tazacorte,2026-03-01,-0.3173426857768277,-0.3079637355448112,-0.32672163600884424,-0.38854754305689687,-0.24484159181893833
Tazacorte,2026-04-01,-0.2852247974264213,-0.27271953045039926,-0.29773006440244326,-0.3743813998717023,-0.19901266341710533
Tazacorte,2026-05-01,-0.35204079575610053,-0.33640921203607305,-0.367672379476128,-0.440711558413669,-0.2659389032427421
Tazacorte,2026-06-01,-0.4078862145443836,-0.3891283140803507,-0.4266441150084166,-0.4964691886834443,-0.32166797337173697
Tazacorte,2026-07-01,-0.3647601145868942,-0.34287589737885577,-0.3866443317949327,-0.46732427124156195,-0.2679657941419098
Tazacorte,2026-08-01,-0.32842943563960864,-0.30341890168756463,-0.3534399695916524,-0.44318507188083744,-0.21366303854985333
Tazacorte,2026-09-01,-0.3545104152933524,-0.326373564597303,-0.38264726598940185,-0.46970822687594554,-0.23800286235539103
Tazacorte,2026-10-01,-0.3617570462480904,-0.3304938788080355,-0.39302021368814527,-0.4784891306298145,-0.24130995590988155
Tazacorte,2026-11-01,-0.2990097957369961,-0.26462031155293564,-0.3333992799210564,-0.44383544878373055,-0.15392292408647726
Tazacorte,2026-12-01,-0.2803344892332034,-0.24281868830513753,-0.31785029016126937,-0.43660806376475725,-0.13040107866331258
Tegueste,2026-01-01,-0.36371444400296354,-0.3581780427833025,-0.36925084522262475,-0.41630230857361694,-0.31133163559268856
Tegueste,2026-02-01,-0.3088829465625706,-0.2978101441232484,-0.3199557490018929,-0.3885303111284679,-0.2248857401767084
Tegueste,2026-03-01,-0.29963627970974377,-0.2830270760507605,-0.3162454833687272,-0.4001914022375216,-0.1919009267308629
Tegueste,2026-04-01,-0.3586331353324221,-0.3364875304537776,-0.38077874021106645,-0.46956186433647457,-0.24918815157986657
Tegueste,2026-05-01,-0.36133219051153476,-0.3336501844132292,-0.3890141966098403,-0.48642575167217417,-0.23920988323307743
Tegueste,2026-06-01,-0.42086726956141096,-0.38764886224344425,-0.4540856768793777,-0.5372469268177898,-0.3042403545457824
Tegueste,2026-07-01,-0.3849266595993908,-0.3461718510617631,-0.42368146813701874,-0.519915315301148,-0.2503862851219713
Tegueste,2026-08-01,-0.26207594188027944,-0.21778473212299054,-0.3063671516375684,-0.4501960826196991,-0.06890744483967144
Tegueste,2026-09-01,-0.3282897318404716,-0.27846212086352157,-0.37811734281742165,-0.5092587503903141,-0.15569531635881698
Tegueste,2026-10-01,-0.3354057514379907,-0.2800417392413794,-0.3907697636346018,-0.5136282237435748,-0.15042056110653895
Tegueste,2026-11-01,-0.3868013929479783,-0.3259009795317059,-0.44770180636425044,-0.5597259506987932,-0.21893238199866075
Tegueste,2026-12-01,-0.42612693288097375,-0.3596901182450403,-0.4925637475169071,-0.5843578450674523,-0.2640094393792341
Teguise,2026-01-01,0.6121886471495328,0.6269682003421466,0.5974090939569191,0.4424602323877507,0.7896867964645667
Teguise,2026-02-01,0.5670072446195552,0.5965663510047824,0.5374481382343278,0.3407057460458196,0.7948811947778314
Teguise,2026-03-01,0.5570271335803716,0.6013657931582125,0.5126884740025306,0.2737027445664066,0.8420215679223365
Teguise,2026-04-01,0.5702081416587119,0.6293263544291665,0.5110899288882573,0.2407316514159227,0.9010413580550563
Teguise,2026-05-01,0.4473661147952113,0.5212638807582797,0.37346834883214297,0.12106084027374289,0.7703131652264092
Teguise,2026-06-01,0.5505942561558453,0.6392715753115276,0.46191693700016356,0.17108955920274607,0.9558620588534394
Teguise,2026-07-01,0.7975237740709895,0.9009806464192851,0.6940669017226939,0.29481939794126016,1.3211706822677962
Teguise,2026-08-01,0.896571087872597,1.0148075134135064,0.7783346623316877,0.29774784529379084,1.5039139408323567
Teguise,2026-09-01,0.6985478721840931,0.8315638509176162,0.5655318934505703,0.1421258897955162,1.2476393361788742
Teguise,2026-10-01,0.7973680037808021,0.9451635357069386,0.6495724718546654,0.1612744690021878,1.4327545492782183
Teguise,2026-11-01,0.6987099242243312,0.8612850093430814,0.5361348391055809,0.10939133931867992,1.3089839965419245
Teguise,2026-12-01,0.6496007782170031,0.8269554165283671,0.4722461399056392,0.01647472303169654,1.2370064730932127
Tejeda,2026-01-01,0.00604347103976196,0.011204495785137875,0.0008824462943860184,-0.14159604864886524,0.15700967963397194
Tejeda,2026-02-01,-0.07449336553455602,-0.06417131604380424,-0.08481541502530787,-0.2713525026630756,0.11842524459038542
Tejeda,2026-03-01,-0.0177238869536619,-0.00224081271753413,-0.03320696118979,-0.26995610811252135,0.23775374430181476
Tejeda,2026-04-01,-0.14910076800911598,-0.128456669027612,-0.16974486699061966,-0.40887337909358784,0.09237587788739375
Tejeda,2026-05-01,-0.1966290740897292,-0.17082395036284928,-0.2224341978166089,-0.4598033035543369,0.057778655997612796
Tejeda,2026-06-01,-0.2110543529972396,-0.18008820452498378,-0.24202050146949544,-0.4952535676921225,0.07304823136291864
Tejeda,2026-07-01,-0.18086719610467816,-0.14474002288704646,-0.21699436932230987,-0.49035817646477897,0.14542999286737993
Tejeda,2026-08-01,-0.24233934686712097,-0.20105114890411332,-0.2836275448301288,-0.5540854616722612,0.07000472120675945
Tejeda,2026-09-01,-0.10300374920393471,-0.056554526495551045,-0.14945297191231824,-0.5111611373772924,0.2866135396045132
Tejeda,2026-10-01,-0.07457007692513495,-0.022959829471375294,-0.1261803243788947,-0.52384411607846,0.35779787647056793
Tejeda,2026-11-01,0.07946536511936719,0.13623663731850297,0.022694092920231772,-0.4347787646837276,0.614295670389221
Tejeda,2026-12-01,-0.014905064855870209,0.04702723208864112,-0.07683736180038184,-0.5158717038344013,0.4913383010791334
Telde,2026-01-01,0.12759488289546722,0.12847708321060397,0.12671268258033047,0.10886171213364453,0.14668166655457396
Telde,2026-02-01,0.12030991695632015,0.12207431758659332,0.11854551632604676,0.09291508730188142,0.14690533183322063
Telde,2026-03-01,0.12256770326813532,0.12521430421354512,0.1199211023227254,0.08906914819241969,0.15388700670070304
Telde,2026-04-01,0.1264223218836827,0.12995112314422902,0.12289352062313613,0.08662516076782022,0.16570757963355803
Telde,2026-05-01,0.11215197893054346,0.11656298050622665,0.10774097735486027,0.07072604007583728,0.15444189067983402
Telde,2026-06-01,0.09088914105848372,0.09618234294930333,0.08559593916766378,0.048155273994330006,0.13261507836472916
Telde,2026-07-01,0.0991648876367281,0.10534028984268434,0.09298948543077173,0.05199084619646672,0.14584299906338466
Telde,2026-08-01,0.09667554001875783,0.10373314253985072,0.08961793749766483,0.04599717312948112,0.14590644212808598
Telde,2026-09-01,0.11322632343648081,0.12116612627271023,0.10528652060025118,0.05635942207419513,0.16777542182412608
Telde,2026-10-01,0.10939926771256497,0.11822127086393114,0.10057726456119881,0.05285196208396732,0.16754759645864392
Telde,2026-11-01,0.12266464274907046,0.13236884621557315,0.11296043928256777,0.060919801050789125,0.18618998225159333
Telde,2026-12-01,0.12735919498431408,0.13794559876595353,0.11677279120267464,0.059179183224774674,0.19438086907371538
Teror,2026-01-01,-0.49884696110032506,-0.4970871814257725,-0.5006067407748777,-0.5258800319298554,-0.47088732606250544
Teror,2026-02-01,-0.5014159779253193,-0.4978964185762141,-0.5049355372744244,-0.5392904401421323,-0.4654706026897873
Teror,2026-03-01,-0.5203974697698432,-0.5151181307461855,-0.525676808793501,-0.5654978800032469,-0.4751816456758676
Teror,2026-04-01,-0.519675999689258,-0.5126368809910478,-0.5267151183874683,-0.5683249365381932,-0.47138894277835625
Teror,2026-05-01,-0.5390920828730551,-0.5302931845002922,-0.5478909812458179,-0.590039405647729,-0.4872092241501026
Teror,2026-06-01,-0.5774885916148293,-0.566929913567514,-0.5880472696621449,-0.6282609733212116,-0.5259999456305975
Teror,2026-07-01,-0.5765787910274759,-0.564260333305608,-0.588897248749344,-0.6334355178787454,-0.5209206312884102
Teror,2026-08-01,-0.5824087856898138,-0.5683305482933932,-0.5964870230862345,-0.6395842106292506,-0.5248618902018013
Teror,2026-09-01,-0.5274143063670577,-0.5115762892960846,-0.5432523234380308,-0.5994020482832897,-0.4534930870767502
Teror,2026-10-01,-0.5289238434921334,-0.5113260467466078,-0.5465216402376593,-0.6068180299917436,-0.4538976239071362
Teror,2026-11-01,-0.5136008657572593,-0.49424328933718115,-0.5329584421773377,-0.6038990211001831,-0.4241873914856491
Teror,2026-12-01,-0.5285783740261784,-0.5074610179315476,-0.5496957301208092,-0.617066802959105,-0.44087026526222234
Tijarafe,2026-01-01,-0.574038882395039,-0.5718146011058551,-0.5762631636842228,-0.6085555167257566,-0.5403849561564681
Tijarafe,2026-02-01,-0.603581866259647,-0.5991333036812795,-0.6080304288380147,-0.6489979507178354,-0.5598418827865553
Tijarafe,2026-03-01,-0.5713724571852381,-0.5646996133176868,-0.5780453010527897,-0.6316065688793979,-0.5114643482291973
Tijarafe,2026-04-01,-0.5848279135059894,-0.5759307883492542,-0.5937250386627247,-0.6465571189276836,-0.52388733194082
Tijarafe,2026-05-01,-0.6114888064368318,-0.6003673999909127,-0.6226102128827509,-0.6732033950256378,-0.5495345295246928
Tijarafe,2026-06-01,-0.6465210283434562,-0.6331753406083533,-0.6598667160785591,-0.7063819704472692,-0.584697709506353
Tijarafe,2026-07-01,-0.5821967864665999,-0.5666268174423131,-0.5977667554908865,-0.6665782607052605,-0.4950773032105378
Tijarafe,2026-08-01,-0.5765306836390373,-0.5587364333255667,-0.5943249339525077,-0.6718164382468037,-0.47798532135241445
Tijarafe,2026-09-01,-0.6056149747206432,-0.585596443117989,-0.6256335063232975,-0.694802980223694,-0.5143045741155752
Tijarafe,2026-10-01,-0.577119567583518,-0.5548767546916799,-0.5993623804753561,-0.6838478950445224,-0.4730074682886298
Tijarafe,2026-11-01,-0.5419031833830631,-0.5174360892020412,-0.566370277564085,-0.6725388329984419,-0.40926835741633666
Tijarafe,2026-12-01,-0.5476710974476113,-0.5209797219774056,-0.5743624729178171,-0.67618875233106,-0.42142542942837213
Tinajo,2026-01-01,-0.8027998061227375,-0.8022235045256548,-0.8033761077198202,-0.8110651746267745,-0.7944286304132762
Tinajo,2026-02-01,-0.7997175448038777,-0.7985649416097124,-0.8008701479980428,-0.812012404961996,-0.7870933937800809
Tinajo,2026-03-01,-0.7986965928130968,-0.7969676880218488,-0.8004254976043444,-0.8143005583401893,-0.7835849353850758
Tinajo,2026-04-01,-0.8034605426897966,-0.8011553363014663,-0.805765749078127,-0.8196477246839015,-0.7869312702728467
Tinajo,2026-05-01,-0.8101018129930845,-0.8072203050076714,-0.8129833209784973,-0.8268030162530735,-0.7929603598315759
Tinajo,2026-06-01,-0.8137142426757046,-0.810256433093209,-0.8171720522582001,-0.8318325864474461,-0.7958847945528128
Tinajo,2026-07-01,-0.8032808615786294,-0.7992467503990514,-0.8073149727582078,-0.8255174472128854,-0.7809898508543175
Tinajo,2026-08-01,-0.7934452453876769,-0.7888348326110162,-0.7980556581643377,-0.820533549595639,-0.767105080061402
Tinajo,2026-09-01,-0.8003135426551143,-0.7951268282813708,-0.8055002570288576,-0.825849122791251,-0.7741819374935032
Tinajo,2026-10-01,-0.8084176940675999,-0.8026546780967739,-0.814180710038426,-0.8339913858922874,-0.7838837206478936
Tinajo,2026-11-01,-0.8135278194762016,-0.807188501908293,-0.8198671370441103,-0.8398416677038069,-0.7863797718404903
Tinajo,2026-12-01,-0.8105684533066054,-0.8036528341416143,-0.8174840724715966,-0.8398444007861666,-0.7816236550802226
Tuineje,2026-01-01,-0.5528988213818802,-0.5509156313339575,-0.5548820114298028,-0.5882683116263382,-0.5171354421754448
Tuineje,2026-02-01,-0.5590901139322769,-0.5551237338364315,-0.5630564940281222,-0.6075026799571156,-0.5094438628196282
Tuineje,2026-03-01,-0.5491239445399366,-0.5431743743961687,-0.5550735146837046,-0.6113298977539902,-0.48679667097481766
Tuineje,2026-04-01,-0.5545572703701304,-0.5466245101784396,-0.5624900305618209,-0.6227245389826681,-0.4856175759625121
Tuineje,2026-05-01,-0.5844568222045984,-0.574540871964985,-0.5943727724442117,-0.6515600192331638,-0.5156555485170567
Tuineje,2026-06-01,-0.5621453012940879,-0.5502461610065519,-0.5740444415816238,-0.6447105230396428,-0.48264940425841407
Tuineje,2026-07-01,-0.5129786783172062,-0.49909634798174757,-0.5268610086526649,-0.6196598783367198,-0.4038305957328124
Tuineje,2026-08-01,-0.5218701474770134,-0.5060046270936323,-0.5377356678603947,-0.6333857125107175,-0.4115942842692244
Tuineje,2026-09-01,-0.5465134480363245,-0.5286647376050206,-0.5643621584676285,-0.6540083084241461,-0.44112860376984736
Tuineje,2026-10-01,-0.5156451350588923,-0.4958132345796658,-0.535477035538119,-0.6463609077070578,-0.387006314833311
Tuineje,2026-11-01,-0.5374892256397464,-0.5156741351125973,-0.5593043161668957,-0.6615145135378009,-0.4205346026342379
Tuineje,2026-12-01,-0.5144502037398824,-0.4906519231648104,-0.5382484843149543,-0.6585557210199655,-0.37663987308961633
Tías,2026-01-01,3.1608360750522544,3.200298083766355,3.1213740663381535,2.7891628201951058,3.5479360438756555
Tías,2026-02-01,2.909195468211237,2.988119485639438,2.830271450783035,2.4241023874021344,3.39541386830082
Tías,2026-03-01,3.0626532283942933,3.1810392545365955,2.9442672022519916,2.435634300856876,3.6943115355811584
Tías,2026-04-01,2.902491152088833,3.060339186945236,2.74464311723243,2.232343721306947,3.5463806772345956
Tías,2026-05-01,2.759831896570406,2.9571419401409096,2.562521852999902,2.050327775087151,3.45420126195645
Tías,2026-06-01,3.0275554267284925,3.264327479013098,2.7907833744438886,2.1671763875965655,3.902655828258146
Tías,2026-07-01,3.3891718614878927,3.665405922486598,3.1129378004891874,2.304573636023291,4.416737745032236
Tías,2026-08-01,3.539842410868406,3.855538480581212,3.2241463411556004,2.339985807723326,4.7308075658389654
Tías,2026-09-01,3.3676602417057366,3.7228183201326432,3.01250216327883,2.2038849024624323,4.582303477343762
Tías,2026-10-01,3.426265623535475,3.8208857106764826,3.031645536394467,2.093642783241665,4.711510568917832
Tías,2026-11-01,3.216739112128113,3.6508212079832214,2.7826570162730047,1.9090553191223418,4.4778145001004335
Tías,2026-12-01,3.2725263853099134,3.746070489879122,2.798982280740704,1.9068476369881975,4.6669415773607685
Valle Gran Rey,2026-01-01,0.07221839234441049,0.07694846451729515,0.06748832017152584,-0.041659928178102115,0.1843631686817177
Valle Gran Rey,2026-02-01,0.009080415962999239,0.0185405603087686,-0.00037972838277009526,-0.1445380559250719,0.1617890149402724
Valle Gran Rey,2026-03-01,0.058694312483610116,0.07288452900226405,0.0445040959649561,-0.12520433060091946,0.241426001551345
Valle Gran Rey,2026-04-01,-0.01120385769649252,0.007716430995046064,-0.030124146388031132,-0.19232297658002007,0.16711794931609292
Valle Gran Rey,2026-05-01,-0.10185217184810064,-0.07820181098367737,-0.12550253271252387,-0.2851242249665345,0.07789289038156554
Valle Gran Rey,2026-06-01,-0.15381993392764937,-0.12543950089034153,-0.18220036696495734,-0.34740441691788004,0.03602014452529578
Valle Gran Rey,2026-07-01,-0.005090075194237049,0.028020430015955493,-0.03820058040442962,-0.2667336186596292,0.2603079955284137
Valle Gran Rey,2026-08-01,0.10315197421843683,0.14099255160151397,0.06531139683535964,-0.2135091384340915,0.42243334710675323
Valle Gran Rey,2026-09-01,-0.021923272463003803,0.020647377092958046,-0.06449392201896564,-0.30335358627052084,0.260187124696141
Valle Gran Rey,2026-10-01,-0.03306636494039412,0.014234356788452357,-0.08036708666924051,-0.3294579973068541,0.2800538097073004
Valle Gran Rey,2026-11-01,0.2001618827224477,0.25219267662417905,0.14813108882071674,-0.19860977175778563,0.6201957262588984
Valle Gran Rey,2026-12-01,0.2165723360441773,0.27333320211879314,0.15981146996956155,-0.22821711250034252,0.6442630100385326
Vallehermoso,2026-01-01,-0.8380954507528368,-0.8373978449324512,-0.8387930565732223,-0.849616250151665,-0.8266416899285279
Vallehermoso,2026-02-01,-0.848315407965537,-0.846920196324766,-0.8497106196063081,-0.8628679908747664,-0.8335431583212609
Vallehermoso,2026-03-01,-0.8301341563115159,-0.8280413388503592,-0.8322269737726725,-0.8517303416835921,-0.808178261270823
Vallehermoso,2026-04-01,-0.8396212472575167,-0.8368308239759746,-0.8424116705390589,-0.8614700696417672,-0.8183265301653196
Vallehermoso,2026-05-01,-0.8633228989835905,-0.8598348698816628,-0.8668109280855184,-0.8795700332073271,-0.8471097083978641
Vallehermoso,2026-06-01,-0.8609696876860278,-0.8567840527637144,-0.8651553226083409,-0.8812301638268157,-0.841400941151635
Vallehermoso,2026-07-01,-0.8509562613230349,-0.8460730205803362,-0.8558395020657337,-0.8758141016232294,-0.8260365788538072
Vallehermoso,2026-08-01,-0.8467494812914639,-0.8411686347283795,-0.8523303278545483,-0.8746652949243294,-0.8193195952605662
Vallehermoso,2026-09-01,-0.8449863168698993,-0.8387078644864293,-0.8512647692533692,-0.8745049210310322,-0.8156951263242896
Vallehermoso,2026-10-01,-0.8415354719279103,-0.8345594137240548,-0.8485115301317658,-0.8780743855125877,-0.806111824958058
Vallehermoso,2026-11-01,-0.8419777798044134,-0.8343041157801722,-0.8496514438286543,-0.8794524379552167,-0.8041511538609921
Vallehermoso,2026-12-01,-0.8350970492539808,-0.8267257794093542,-0.8434683190986074,-0.878858031837927,-0.7939415979520881
Valleseco,2026-01-01,-0.35646439725037815,-0.3531625312647138,-0.3597662632360426,-0.4275303669235682,-0.2862989807435655
Valleseco,2026-02-01,-0.3980852855914706,-0.3914815536201418,-0.40468901756279946,-0.4907937342166783,-0.3045018125286707
Valleseco,2026-03-01,-0.3754582848269938,-0.3655526868700006,-0.385363882783987,-0.49762247372661184,-0.2541416895542537
Valleseco,2026-04-01,-0.42477099505591615,-0.4115635311132585,-0.43797845899857374,-0.542968890462166,-0.3061216916512604
Valleseco,2026-05-01,-0.45344800902102084,-0.43693867909269873,-0.46995733894934294,-0.5750684294768068,-0.33090247002143075
Valleseco,2026-06-01,-0.49349642609501226,-0.4736852301810259,-0.5133076220089988,-0.6263109790660231,-0.36462048092259236
Valleseco,2026-07-01,-0.48152379570234854,-0.45841073380269765,-0.5046368576019995,-0.6326289010626059,-0.33399599231881694
Valleseco,2026-08-01,-0.5017641602396183,-0.475349232354303,-0.5281790881249336,-0.641932353451953,-0.3536575757646261
Valleseco,2026-09-01,-0.4094611621178835,-0.3797443682469039,-0.4391779559888632,-0.598366415281182,-0.21981984446791383
Valleseco,2026-10-01,-0.3986257476647393,-0.36560708780809514,-0.4316444075213833,-0.6030902704580222,-0.18724106148525885
Valleseco,2026-11-01,-0.3059147918326027,-0.2695942659902942,-0.34223531767491117,-0.562927995042185,-0.050547804578387354
Valleseco,2026-12-01,-0.37250797487473014,-0.3328855830467571,-0.4121303667027029,-0.6175501727674558,-0.13514505928580384
Valsequillo de Gran Canaria,2026-01-01,-0.5772307712315975,-0.5757082551505569,-0.5787532873126382,-0.607106286328994,-0.5473070705756417
Valsequillo de Gran Canaria,2026-02-01,-0.5877408473475967,-0.5846958151855155,-0.5907858795096779,-0.6265147798274132,-0.5484425442731724
Valsequillo de Gran Canaria,2026-03-01,-0.5934372745684173,-0.5888697263252956,-0.5980048228115391,-0.6427644520191769,-0.5439277769572702
Valsequillo de Gran Canaria,2026-04-01,-0.6104044938022348,-0.6043144294780723,-0.6164945581263972,-0.6584773425337973,-0.5606593733198288
Valsequillo de Gran Canaria,2026-05-01,-0.622502330945898,-0.6148897505406951,-0.6301149113511011,-0.6744312112989346,-0.5702004980751092
Valsequillo de Gran Canaria,2026-06-01,-0.6541872645816327,-0.645052168095389,-0.6633223610678762,-0.7085867561975147,-0.6002628226054633
Valsequillo de Gran Canaria,2026-07-01,-0.6383488089249117,-0.6276911963576276,-0.649006421492196,-0.7015334796099304,-0.578765887808965
Valsequillo de Gran Canaria,2026-08-01,-0.6519211843794651,-0.6397410557311404,-0.6641013130277901,-0.7140160650234219,-0.5891408939017578
Valsequillo de Gran Canaria,2026-09-01,-0.6076002374434857,-0.5938975927141203,-0.621302882172851,-0.6855824789940367,-0.5290342961584206
Valsequillo de Gran Canaria,2026-10-01,-0.6165327663686063,-0.6013076055582004,-0.6317579271790125,-0.6979733106144878,-0.5313993282847632
Valsequillo de Gran Canaria,2026-11-01,-0.592441094098221,-0.5756934172067744,-0.6091887709896676,-0.6929122000122251,-0.4932041388214353
Valsequillo de Gran Canaria,2026-12-01,-0.6124942473424679,-0.5942240543699807,-0.6307644403149552,-0.7077704278555308,-0.5139371614562638
Valverde,2026-01-01,-0.7912369431936535,-0.7904406346686125,-0.7920332517186941,-0.8032953057748758,-0.7790333991228946
Valverde,2026-02-01,-0.7931829698322661,-0.7915903527821845,-0.7947755868823476,-0.8099356041651482,-0.7769677867451228
Valverde,2026-03-01,-0.7989057061867945,-0.796516780611672,-0.8012946317619167,-0.8188993168185549,-0.7790158059896793
Valverde,2026-04-01,-0.7875071363641221,-0.7843219022639588,-0.7906923704642852,-0.812131105553816,-0.7621105392946349
Valverde,2026-05-01,-0.8076155261487226,-0.8036339835235184,-0.8115970687739267,-0.829630908267411,-0.7854523174969881
Valverde,2026-06-01,-0.7924217355249912,-0.7876438843747464,-0.797199586675236,-0.8213378953613909,-0.7647505595349291
Valverde,2026-07-01,-0.774909979492172,-0.7693358198168861,-0.7804841391674576,-0.8098161770753255,-0.7370416411659284
Valverde,2026-08-01,-0.7557173667163045,-0.7493468985159779,-0.762087834916631,-0.8026120132771885,-0.7073949287919453
Valverde,2026-09-01,-0.7659078202056929,-0.7587410434803256,-0.7730745969310604,-0.8107788836038307,-0.7212590023051841
Valverde,2026-10-01,-0.7823602200308026,-0.7743971347803944,-0.7903233052812108,-0.8236462974374441,-0.740549704275618
Valverde,2026-11-01,-0.7810319221378332,-0.7722725283623844,-0.7897913159132821,-0.82770543765767,-0.7345697305743918
Valverde,2026-12-01,-0.7893043727216359,-0.7797486704211462,-0.7988600750221259,-0.8344431478223294,-0.7446749355984026
Vega de San Mateo,2026-01-01,-0.4825120639582979,-0.4804467609181693,-0.48457736699842646,-0.5208859883411063,-0.4432919563010301
Vega de San Mateo,2026-02-01,-0.5137318134142367,-0.5096012073339794,-0.5178624194944939,-0.5658993261545608,-0.4628986152845692
Vega de San Mateo,2026-03-01,-0.5034712945667356,-0.4972753854463496,-0.5096672036871214,-0.56739549864793,-0.44055914866719953
Vega de San Mateo,2026-04-01,-0.5053150104918708,-0.49705379833135616,-0.5135762226523852,-0.5735780892529864,-0.43709973421146525
Vega de San Mateo,2026-05-01,-0.5296089834995591,-0.519282468298916,-0.5399354987002022,-0.5999390459202707,-0.4597313562582181
Vega de San Mateo,2026-06-01,-0.5611413614876111,-0.5487495432468393,-0.5735331797283829,-0.6328738641082529,-0.48723315979270704
Vega de San Mateo,2026-07-01,-0.5531118607217373,-0.5386547394408369,-0.5675689820026377,-0.6360098869649604,-0.4721618621950724
Vega de San Mateo,2026-08-01,-0.5675358772319864,-0.5510134529109574,-0.5840583015530154,-0.6497750124178827,-0.4839597357410565
Vega de San Mateo,2026-09-01,-0.5140515735193759,-0.4954638461582181,-0.5326393008805335,-0.61517373456391,-0.4107685344161371
Vega de San Mateo,2026-10-01,-0.512963364225175,-0.4923103338238886,-0.5336163946264613,-0.6248491039284338,-0.40364039501665644
Vega de San Mateo,2026-11-01,-0.4801408034587982,-0.4574224700173833,-0.5028591369002132,-0.6118105059956414,-0.3435676027372025
Vega de San Mateo,2026-12-01,-0.5104485203159944,-0.4856648838344508,-0.5352321567975379,-0.6368170191050244,-0.38464921604629576
Vilaflor de Chasna,2026-01-01,0.9355304468023786,0.9611472235803249,0.9099136700244319,0.62402715113681,1.246452749812607
Vilaflor de Chasna,2026-02-01,1.140113337959094,1.1913468915149874,1.0888797844032008,0.6767193076037455,1.6221501610151665
Vilaflor de Chasna,2026-03-01,1.2267372286505553,1.3035875589843955,1.149886898316716,0.6296360584532136,1.83973268896236
Vilaflor de Chasna,2026-04-01,1.0240821938464886,1.1265493009582752,0.9216150867347022,0.4015242033719562,1.6624071701170784
Vilaflor de Chasna,2026-05-01,1.017764225730588,1.1458481096203206,0.8896803418408546,0.3012883239075936,1.7245703482239032
Vilaflor de Chasna,2026-06-01,0.7552680200551607,0.9089686807228404,0.6015673593874814,0.07652465127983464,1.4409115101387708
Vilaflor de Chasna,2026-07-01,0.8939038027357966,1.0732212401814223,0.7145863652901702,0.11774407309106873,1.6793298633725962
Vilaflor de Chasna,2026-08-01,1.4330916943841365,1.638025908607709,1.2281574801605637,0.3056868902140387,2.4942541440456556
Vilaflor de Chasna,2026-09-01,1.122236315393448,1.3527873063949671,0.8916853243919289,0.13601937665975666,2.110452462963637
Vilaflor de Chasna,2026-10-01,1.0653086302930694,1.3214763980725355,0.8091408625136041,0.02227855291334988,2.0727490994816993
Vilaflor de Chasna,2026-11-01,0.8549065694149851,1.1366911139723979,0.5731220248575726,-0.106210343628998,1.841391762251234
Vilaflor de Chasna,2026-12-01,0.7033666081938126,1.0107679295291718,0.39596528685845384,-0.20120642370815972,1.6211995908122103
Villa de Mazo,2026-01-01,-0.8303952696730247,-0.8297025275361773,-0.8310880118098722,-0.8387981467677066,-0.821840694880235
Villa de Mazo,2026-02-01,-0.823013906024347,-0.821628421750652,-0.8243993902980419,-0.8354067609306413,-0.810492025872145
Villa de Mazo,2026-03-01,-0.8169581503512673,-0.8148799239407248,-0.8190363767618098,-0.8330847566022089,-0.8008981854755688
Villa de Mazo,2026-04-01,-0.836935908402165,-0.8341649398547751,-0.839706876949555,-0.850404532068648,-0.8231456851097636
Villa de Mazo,2026-05-01,-0.8500038512808107,-0.8465401405965732,-0.8534675619650482,-0.8631615607597284,-0.8359447302056043
Villa de Mazo,2026-06-01,-0.8588084292318677,-0.8546519764107827,-0.8629648820529526,-0.8712500147840935,-0.8461748869632703
Villa de Mazo,2026-07-01,-0.8260961800624737,-0.8212469851045413,-0.8309453750204061,-0.8476757883092974,-0.8040446414829934
Villa de Mazo,2026-08-01,-0.8209258131242756,-0.8153838760294957,-0.8264677502190555,-0.846158663447027,-0.7954199511101799
Villa de Mazo,2026-09-01,-0.8407673545400544,-0.8345326753084269,-0.8470020337716816,-0.8607091646855316,-0.820330381779614
Villa de Mazo,2026-10-01,-0.8437463973666709,-0.8368189759981961,-0.8506738187351458,-0.8656247005433011,-0.8203370935727894
Villa de Mazo,2026-11-01,-0.8307307702187984,-0.823110606713476,-0.8383509337241207,-0.8602755508893346,-0.8001388551808645
Villa de Mazo,2026-12-01,-0.8373902196531756,-0.8290773140110057,-0.8457031252953454,-0.8647834679043409,-0.8092953866466837
Yaiza,2026-01-01,1.8838245426331615,1.9144696610750658,1.853179424191258,1.5677292224434605,2.2096144779271025
Yaiza,2026-02-01,1.7934688332388113,1.8547590701226186,1.732178596355004,1.3417293753346629,2.237911253202326
Yaiza,2026-03-01,1.947678692161649,2.03961404748736,1.8557433368359373,1.3634313758380325,2.518069877206024
Yaiza,2026-04-01,2.0402811222181243,2.16286159598574,1.917700648450509,1.360670026400103,2.7446681744578383
Yaiza,2026-05-01,1.7961941513613016,1.949419743570821,1.6429685591517829,1.1064452461285228,2.5054018981578166
Yaiza,2026-06-01,2.0841337624210854,2.268004473072508,1.9002630517696624,1.2348907877021804,2.9541953151585094
Yaiza,2026-07-01,2.4176059367371354,2.6321217658304623,2.2030901076438085,1.35343313125441,3.5032776202921805
Yaiza,2026-08-01,2.354569985142615,2.5997309326778457,2.1094090376073846,1.2438883034034394,3.48583698270939
Yaiza,2026-09-01,2.0996818997266034,2.375487965703738,1.8238758337494692,1.0613406024948626,3.1594528398916557
Yaiza,2026-10-01,2.314446109551556,2.6208972939705943,2.0079949251325178,1.08342193461944,3.5589903869375927
Yaiza,2026-11-01,2.0686875728247083,2.40578387568565,1.7315912699637663,0.9038068650852372,3.2707797908778318
Yaiza,2026-12-01,2.0472978219930553,2.415039243295902,1.67955640069021,0.8434918026178012,3.275243078928475
